Link,Image,Name,Release date,Weight,OS,Storage,Screen_size,Screen_resolution,RAM,Battery,net2g,net3g,net4g,net5g,speed,year,status,dimensions,weight,build,sim,displaytype,displaysize,displayresolution,displayprotection,os,chipset,cpu,gpu,memoryslot,internalmemory,memoryother,cam1modules,cam1features,cam1video,cam2modules,cam2features,cam2video,optionalother,wlan,bluetooth,gps,nfc,radio,usb,sensors,batdescription1,colors,models,price,,,
https://www.gsmarena.com/oneplus_ace_2v-12158.php,https://fdn2.gsmarena.com/vv/bigpic/oneplus-ace-2v.jpg,OnePlus Ace 2V,"Exp. release 2023, March 15","191.5g, 8.2mm thickness","Android 13, ColorOS 13","256GB/512GB storage, no card slot","6.74""",1240x2772 pixels,12/16 GB RAM,5000 mAh Li-Po,GSM 850 / 900 / 1800 / 1900 - SIM 1 & SIM 2,HSDPA 850 / 900 / 1700(AWS) / 2100,"1, 3, 4, 5, 8, 28, 34, 38, 39, 40, 41","1, 3, 8, 28, 40, 41, 77, 78 SA/NSA","HSPA, LTE-A (CA), 5G","2023, March 07","Coming soon. Exp. release 2023, March 15",162.6 x 75.1 x 8.2 mm (6.40 x 2.96 x 0.32 in),191.5 g (6.77 oz),"Glass front (Asahi Glass), aluminum frame, glass back (Gorilla Glass 5)","Dual SIM (Nano-SIM, dual stand-by)","AMOLED, 1B colors, 120Hz, HDR10+, 500 nits (typ), 1100 nits (HBM), 1450 nits (peak)","6.74 inches, 109.2 cm(~89.5% screen-to-body ratio)","1240 x 2772 pixels, 20:9 ratio (~451 ppi density)",Asahi Glass,"Android 13, ColorOS 13",Mediatek Dimensity 9000 (4 nm),Octa-core (1x3.05 GHz Cortex-X2 & 3x2.85 GHz Cortex-A710 & 4x1.80 GHz Cortex-A510),Mali-G710 MC10,No,"256GB 12GB RAM, 256GB 16GB RAM, 512GB 16GB RAM",UFS 3.1,"64 MP, f/1.7, 25mm (wide), PDAF","LED flash, HDR, panorama","4K@30/60fps, 1080p@30/60/120fps, gyro-EIS","16 MP, f/2.4, 26mm (wide), 1/3.09"", 1.0µm",HDR,1080p@30fps,24-bit/192kHz audio,"Wi-Fi 802.11 a/b/g/n/ac/6, dual-band","5.3, A2DP, LE, aptX HD","GPS (L1+L5), GLONASS (G1), BDS (B1I+B1c+B2a), GALILEO (E1+E5a), QZSS (L1+L5)","Yes, eSE, HCE, NFC-SIM",No,USB Type-C 2.0,"Fingerprint (under display, optical), accelerometer, gyro, proximity, compass, color spectrum","Li-Po 5000 mAh, non-removable","Black, Blue/Green",PHP110,About 310 EUR,,,
https://www.gsmarena.com/oneplus_pad-12112.php,https://fdn2.gsmarena.com/vv/bigpic/oneplus-pad.jpg,OnePlus Pad,"Exp. release 2023, April","552g, 6.5mm thickness","Android, OxygenOS 13.1","128GB storage, no card slot","11.61""",2000x2800 pixels,8 GB RAM,9510 mAh Li-Po,N/A,N/A,N/A,No,No,"2023, February 07","Coming soon. Exp. release 2023, April",258 x 189.4 x 6.5 mm (10.16 x 7.46 x 0.26 in),552 g (1.22 lb),"Glass front, aluminum frame",No,Stylus support,"IPS LCD, 1B colors, Dolby Vision, 144Hz, 500 nits (typ)","11.61 inches, 411.3 cm(~84.2% screen-to-body ratio)",2000 x 2800 pixels (~296 ppi density),"Android, OxygenOS 13.1",Mediatek Dimensity 9000 (4 nm),Octa-core (1x3.05 GHz Cortex-X2 & 3x2.85 GHz Cortex-A710 & 4x1.80 GHz Cortex-A510),Mali-G710 MC10,No,128GB 8GB RAM,UFS 3.1,13 MP,LED flash,"4K@30fps, 1080p@30ps, gyro-EIS",8 MP,1080p@30fps,"Wi-Fi 802.11 a/b/g/n/ac/6, dual-band","5.3, A2DP, LE, aptX HD",GPS (Unspecified by maker),No,No,"USB Type-C 2.0, OTG, accessory connector","Accelerometer, gyro, compass, color spectrum","Li-Po 9510 mAh, non-removable",Halo Green,,,,,,,
https://www.gsmarena.com/oneplus_11r-11915.php,https://fdn2.gsmarena.com/vv/bigpic/oneplus-ace2.jpg,OnePlus 11R,"Released 2023, February 21","204g, 8.7mm thickness","Android 13, OxygenOS 13","128GB/256GB storage, no card slot","6.74""",1240x2772 pixels,8/16 GB RAM,5000 mAh Li-Po,GSM 850 / 900 / 1800 / 1900 - SIM 1 & SIM 2,HSDPA 850 / 900 / 1700(AWS) / 2100,"1, 3, 4, 5, 8, 28, 34, 38, 39, 40, 41","1, 3, 5, 8, 28, 40, 41, 77, 78 SA/NSA","HSPA, LTE-A (3CA), 5G","2023, February 07","Available. Released 2023, February 21",163.4 x 74.3 x 8.7 mm (6.43 x 2.93 x 0.34 in),204 g (7.20 oz),"Glass front, glass back (Gorilla Glass 5), plastic frame","Dual SIM (Nano-SIM, dual stand-by)","Fluid AMOLED, 1B colors, 120Hz, HDR10+, 1450 nits (peak)","6.74 inches, 109.2 cm(~90.0% screen-to-body ratio)","1240 x 2772 pixels, 20:9 ratio (~451 ppi density)","Android 13, OxygenOS 13",Qualcomm SM8475 Snapdragon 8+ Gen 1 (4 nm),Octa-core (1x3.19 GHz Cortex-X2 & 3x2.75 GHz Cortex-A710 & 4x1.80 GHz Cortex-A510),Adreno 730,No,"128GB 8GB RAM, 256GB 16GB RAM",UFS 3.1,"50 MP, f/1.8, 24mm (wide), 1/1.56"", 1.0µm, multi-directional PDAF, OIS","LED flash, HDR, panorama","4K@30/60fps, 1080p@30/60/240fps, gyro-EIS","16 MP, f/2.4, 24mm (wide), 1/3.09"", 1.0µm",HDR,1080p@30fps,24-bit/192kHz audio,"Wi-Fi 802.11 a/b/g/n/ac/6, dual-band","5.3, A2DP, LE, aptX HD","GPS (L1+L5), GLONASS (G1), BDS (B1I+B1c+B2a), GALILEO (E1+E5a), QZSS (L1+L5)",Yes,No,USB Type-C 2.0,"Fingerprint (under display, optical), accelerometer, gyro, proximity, compass, color spectrum","Li-Po 5000 mAh, non-removable","Galactic Silver, Sonic Black",,,,,,
https://www.gsmarena.com/oneplus_ace_2-12103.php,https://fdn2.gsmarena.com/vv/bigpic/oneplus-ace2.jpg,OnePlus Ace 2,"Released 2023, February 13","204g, 8.7mm thickness","Android 13, ColorOS 13","256GB/512GB storage, no card slot","6.74""",1240x2772 pixels,12/16 GB RAM,5000 mAh Li-Po,GSM 850 / 900 / 1800 / 1900 - SIM 1 & SIM 2,HSDPA 850 / 900 / 1700(AWS) / 2100,"1, 3, 4, 5, 8, 28, 34, 38, 39, 40, 41","1, 3, 5, 8, 28, 40, 41, 77, 78 SA/NSA","HSPA, LTE-A (CA), 5G","2023, February 07","Available. Released 2023, February 13",163.4 x 74.3 x 8.7 mm (6.43 x 2.93 x 0.34 in),204 g (7.20 oz),"Glass front (Asahi Glass), aluminum frame, glass back (Gorilla Glass 5)","Dual SIM (Nano-SIM, dual stand-by)","AMOLED, 1B colors, 120Hz, HDR10+","6.74 inches, 109.2 cm(~90.0% screen-to-body ratio)","1240 x 2772 pixels, 20:9 ratio (~451 ppi density)",Asahi Glass,"Android 13, ColorOS 13",Qualcomm SM8475 Snapdragon 8+ Gen 1 (4 nm),Octa-core (1x3.19 GHz Cortex-X2 & 3x2.75 GHz Cortex-A710 & 4x1.80 GHz Cortex-A510),Adreno 730,No,"256GB 12GB RAM, 256GB 16GB RAM, 512GB 16GB RAM",UFS 3.1,"50 MP, f/1.8, 24mm (wide), 1/1.56"", 1.0µm, PDAF, OIS","LED flash, HDR, panorama","4K@30/60fps, 1080p@30/60/120/240fps, gyro-EIS","16 MP, f/2.4, 26mm (wide), 1/3.09"", 1.0µm",HDR,1080p@30fps,24-bit/192kHz audio,"Wi-Fi 802.11 a/b/g/n/ac/6, dual-band","5.3, A2DP, LE","GPS (L1+L5), GLONASS (G1), BDS (B1I+B1c+B2a), GALILEO (E1+E5a), QZSS (L1+L5)","Yes, eSE, HCE",No,USB Type-C 2.0,"Fingerprint (under display, optical), accelerometer, gyro, proximity, compass, color spectrum","Li-Po 5000 mAh, non-removable","Black, Glacier Blue",PHK110,About 390 EUR,,,
https://www.gsmarena.com/oneplus_11-11893.php,https://fdn2.gsmarena.com/vv/bigpic/oneplus-11.jpg,OnePlus 11,"Released 2023, January 09","205g, 8.5mm thickness","Android 13, OxygenOS 13, ColorOS 13","128GB/256GB/512GB storage, no card slot","6.7""",1440x3216 pixels,8-16 GB RAM,5000 mAh Li-Po,GSM 850 / 900 / 1800 / 1900 - SIM 1 & SIM 2 (dual-SIM model only),HSDPA 800 / 850 / 900 / 1700(AWS) / 1900 / 2100,"1, 2, 3, 4, 5, 7, 8, 12, 13, 17, 18, 19, 20, 25, 26, 28, 30, 32, 38, 39, 41, 40, 46, 48, 66, 71 - International","1, 2, 3, 5, 7, 8, 20, 25, 28, 30, 38, 40, 41, 66, 71, 75, 77, 78 SA/NSA - International","HSPA, LTE-A (CA), 5G","2023, January 04","Available. Released 2023, January 09",163.1 x 74.1 x 8.5 mm (6.42 x 2.92 x 0.33 in),205 g (7.23 oz),"Glass front (Gorilla Glass Victus), glass back (Gorilla Glass 5), aluminum frame","Single SIM (Nano-SIM) or Dual SIM (2x Nano-SIM, eSIM, dual stand-by)",IP64,"LTPO3 Fluid AMOLED, 1B colors, 120Hz, Dolby Vision, HDR10+, 500 nits (typ), 800 nits (HBM), 1300 nits (peak)","6.7 inches, 108.4 cm(~89.7% screen-to-body ratio)","1440 x 3216 pixels, 20:9 ratio (~525 ppi density)",Corning Gorilla Glass Victus,Always-on display,"Android 13, OxygenOS 13 (International), ColorOS 13 (China)",Qualcomm SM8550-AB Snapdragon 8 Gen 2 (4 nm),Octa-core (1x3.2 GHz Cortex-X3 & 2x2.8 GHz Cortex-A715 & 2x2.8 GHz Cortex-A710 & 3x2.0 GHz Cortex-A510),Adreno 740,No,"128GB 8GB RAM, 256GB 12GB RAM, 256GB 16GB RAM, 512GB 16GB RAM",UFS 3.1 - 128GB only,"50 MP, f/1.8, 24mm (wide), 1/1.56"", 1.0µm, multi-directional PDAF, OIS","Hasselblad Color Calibration, Dual-LED flash, HDR, panorama","8K@24fps, 4K@30/60fps, 1080p@30/60/240fps, Auto HDR, gyro-EIS","16 MP, f/2.5, 25mm (wide), 1.0µm","Auto-HDR, panorama","1080p@30fps, gyro-EIS",24-bit/192kHz audio,"Wi-Fi 802.11 a/b/g/n/ac/6/7, dual-band, Wi-Fi Direct","5.3, A2DP, LE, aptX HD","GPS (L1+L5), GLONASS (G1), BDS (B1I+B1c+B2a), GALILEO (E1+E5a), QZSS (L1+L5)","Yes, eSE, HCE",No,"USB Type-C 2.0, OTG","Fingerprint (under display, optical), accelerometer, gyro, proximity, compass, color spectrum","Li-Po 5000 mAh, non-removable","Titan Black, Eternal Green","PHB110, CPH2449, CPH2447",,AnTuTu: 1140661 (v9)
https://www.gsmarena.com/oneplus_nord_n300-11949.php,https://fdn2.gsmarena.com/vv/bigpic/oneplus-nord-n300-5g.jpg,OnePlus Nord N300,"Released 2022, November 03","190g, 8mm thickness","Android 12, OxygenOS","64GB storage, microSDXC","6.56""",720x1612 pixels,4 GB RAM,5000 mAh Li-Po,GSM 850 / 900 / 1800 / 1900,HSDPA 850 / 900 / 1700(AWS) / 1900 / 2100,"1, 2, 3, 4, 5, 7, 8, 12, 13, 17, 20, 25, 26, 28, 38, 39, 40, 41, 66, 71","2, 25, 41, 66, 71, 77 SA/NSA","HSPA 42.2/5.76 Mbps, LTE Cat13 390/150 Mbps, 5G","2022, October 24","Available. Released 2022, November 03",163.8 x 75.1 x 8 mm (6.45 x 2.96 x 0.31 in),190 g (6.70 oz),"Glass front, plastic frame, plastic back",Nano-SIM,"IPS LCD, 90Hz","6.56 inches, 103.4 cm(~84.0% screen-to-body ratio)","720 x 1612 pixels, 20:9 ratio (~269 ppi density)","Android 12, OxygenOS",Mediatek MT6833P Dimensity 810 (6 nm),Octa-core (2x2.4 GHz Cortex-A76 & 6x2.0 GHz Cortex-A55),Mali-G57 MC2,microSDXC,64GB 4GB RAM,UFS 2.2,"48 MP, f/1.8, (wide), PDAF","LED flash, HDR, panorama",1080p@30fps,"16 MP, f/2.0, (wide)",HDR,1080p@30fps,"Wi-Fi 802.11 a/b/g/n/ac, dual-band","5.3, A2DP, LE","GPS, GLONASS, GALILEO",Yes,Unspecified,"USB Type-C 2.0, OTG","Fingerprint (side-mounted), accelerometer, gyro, proximity, compass, barometer","Li-Po 5000 mAh, non-removable",Midnight Jade,About 230 EUR,AnTuTu: 335440 (v9),,,,,
https://www.gsmarena.com/oneplus_nord_watch-11899.php,https://fdn2.gsmarena.com/vv/bigpic/oneplus-nord-watch.jpg,OnePlus Nord Watch,"Released 2022, October","52.4g, 10.4mm thickness",Proprietary OS,"256MB storage, no card slot","1.78""",368x448 pixels, ,230 mAh Li-Ion,N/A,N/A,N/A,No,No,"2022, Octoder","Available. Released 2022, October",45.2 x 37.2 x 10.4 mm (1.78 x 1.46 x 0.41 in),52.4 g (1.87 oz),"Glass front, zinc frame",No,IP68 dust/water resistant (up to 1.5m for 30 min),"AMOLED, 500 nits (typ)",1.78 inches,368 x 448 pixels (~326 ppi density),Proprietary OS,No,256MB,No,No,"5.2, A2DP, LE",Unspecified,Yes,No,No,"Accelerometer, gyro, heart rate, SpO2","Li-Ion 230 mAh, non-removable","Midnight Black, Deep Blue",OPBBE221,About 60 EUR,,,,,,,,,,,,,
https://www.gsmarena.com/oneplus_ace_pro-11745.php,https://fdn2.gsmarena.com/vv/bigpic/oneplus-10t-5g.jpg,OnePlus Ace Pro,"Released 2022, August 15","203.5g, 8.8mm thickness","Android 12, ColorOS 12.1","256GB/512GB storage, no card slot","6.7""",1080x2412 pixels,12/16 GB RAM,4800 mAh Li-Po,GSM 850 / 900 / 1800 / 1900 - SIM 1 & SIM 2,HSDPA 800 / 850 / 900 / 1700(AWS) / 1900 / 2100,"1, 2, 3, 4, 5, 7, 8, 18, 19, 20, 26, 28, 34, 38, 39, 40, 41","1, 3, 5, 8, 20, 28, 38, 40, 41, 77, 78 SA/NSA","HSPA, LTE-A, 5G","2022, August 09","Available. Released 2022, August 15",163 x 75.4 x 8.8 mm (6.42 x 2.97 x 0.35 in),203.5 g (7.20 oz),"Glass front (Gorilla Glass 5), plastic frame, glass back","Dual SIM (Nano-SIM, dual stand-by)","Fluid AMOLED, 1B colors, 120Hz, HDR10+, 500 nits (typ), 800 nits (HBM), 950 nits (peak)","6.7 inches, 108.0 cm(~87.9% screen-to-body ratio)","1080 x 2412 pixels, 20:9 ratio (~394 ppi density)",Corning Gorilla Glass 5,"Android 12, ColorOS 12.1",Qualcomm SM8475 Snapdragon 8+ Gen 1 (4 nm),Octa-core (1x3.19 GHz Cortex-X2 & 3x2.75 GHz Cortex-A710 & 4x1.80 GHz Cortex-A510),Adreno 730,No,"256GB 12GB RAM, 256GB 16GB RAM, 512GB 16GB RAM",UFS 3.1,"50 MP, f/1.8, 24mm (wide), 1/1.56"", 1.0µm, PDAF, OIS","Dual LED flash, HDR, panorama","4K@30/60fps, 1080p@30/60/240fps, gyro-EIS","16 MP, f/2.4, 24mm (wide), 1/3"", 1.0µm",HDR,1080p@30fps,24-bit/192kHz audio,"Wi-Fi 802.11 a/b/g/n/ac/6, dual-band, Wi-Fi Direct","5.2, A2DP, LE, aptX HD","GPS (L1+L5), GLONASS (L1), BDS (B1I+B1c+B2a), GALILEO (E1+E5a), QZSS (L1+L5)",Yes,No,USB Type-C 2.0,"Fingerprint (under display, optical), accelerometer, gyro, proximity, compass, color spectrum","Li-Po 4800 mAh, non-removable","Moonstone Black, Jade Green, Genshin Impact",About 500 EUR,,,,
https://www.gsmarena.com/oneplus_nord_n20_se-11738.php,https://fdn2.gsmarena.com/vv/bigpic/oneplus-nord-n20-se.jpg,OnePlus Nord N20 SE,"Released 2022, August 08","187g, 8mm thickness","Android 12, OxygenOS 12.1","64GB storage, microSDXC","6.56""",720x1612 pixels,4 GB RAM,5000 mAh Li-Po,GSM 850 / 900 / 1800 / 1900 - SIM 1 & SIM 2,HSDPA 850 / 900 / 2100 - Global,"1, 3, 5, 7, 8, 20, 28, 38, 40, 41 - Global","HSPA, LTE","2022, August 05","Available. Released 2022, August 08",163.8 x 75 x 8 mm (6.45 x 2.95 x 0.31 in),187 g (6.60 oz),"Glass front, plastic frame, plastic back","Dual SIM (Nano-SIM, dual stand-by)","IPS LCD, 480 nits (typ), 600 nits (HBM)","6.56 inches, 103.4 cm(~84.2% screen-to-body ratio)","720 x 1612 pixels, 20:9 ratio (~269 ppi density)","Android 12, OxygenOS 12.1",Mediatek MT6765G Helio G35 (12 nm),Octa-core (4x2.3 GHz Cortex-A53 & 4x1.8 GHz Cortex-A53),PowerVR GE8320,microSDXC,64GB 4GB RAM,eMMC 5.1,"50 MP, f/1.8, (wide), 1/2.76"", 0.64µm, PDAF","LED flash, HDR, panorama",1080p@30fps,"8 MP, f/2.0, 26mm (wide), 1/4"", 1.12µm",1080p@30fps,"Wi-Fi 802.11 a/b/g/n/ac, dual-band, Wi-Fi Direct","5.3, A2DP, LE, aptX HD","GPS, GLONASS, BDS, GALILEO, QZSS",No,No,"USB Type-C 2.0, OTG","Fingerprint (side-mounted), accelerometer, proximity, compass","Li-Po 5000 mAh, non-removable","Blue Oasis, Celestial Black",CPH2469,,,,,,,,
https://www.gsmarena.com/oneplus_10t-11622.php,https://fdn2.gsmarena.com/vv/bigpic/oneplus-10t-5g.jpg,OnePlus 10T,"Released 2022, August 06","204g, 8.8mm thickness","Android 12, OxygenOS 13","128GB/256GB storage, no card slot","6.7""",1080x2412 pixels,8-16 GB RAM,4800 mAh Li-Po,GSM 850 / 900 / 1800 / 1900 - SIM 1 & SIM 2,HSDPA 800 / 850 / 900 / 1700(AWS) / 1900 / 2100,"1, 2, 3, 4, 5, 7, 8, 12, 13, 17, 18, 19, 20, 25, 26, 28, 30, 32, 38, 39, 41, 46, 48, 66, 71 - International","1, 2, 3, 5, 7, 8, 20, 25, 28, 30, 38, 41, 48, 66, 71, 77 SA/NSA - International","HSPA 42.2/5.76 Mbps, LTE-A (4CA), Cat20 2000/200 Mbps, 5GHSPA 42.2/5.76 Mbps, LTE-A (3CA), Cat16 1000/150 Mbps, 5G - India","2022, August 03","Available. Released 2022, August 06",163 x 75.4 x 8.8 mm (6.42 x 2.97 x 0.35 in),204 g (7.20 oz),"Glass front (Gorilla Glass 5), plastic frame, glass back (Gorilla Glass 5)","Dual SIM (Nano-SIM, dual stand-by)","Fluid AMOLED, 1B colors, 120Hz, HDR10+","6.7 inches, 108.0 cm(~87.9% screen-to-body ratio)","1080 x 2412 pixels, 20:9 ratio (~394 ppi density)",Corning Gorilla Glass 5,"Android 12, OxygenOS 13",Qualcomm SM8475 Snapdragon 8+ Gen 1 (4 nm),Octa-core (1x3.19 GHz Cortex-X2 & 3x2.75 GHz Cortex-A710 & 4x1.80 GHz Cortex-A510),Adreno 730,No,"128GB 8GB RAM, 256GB 12GB RAM, 256GB 16GB RAM",UFS 3.1,"50 MP, f/1.8, 24mm (wide), 1/1.56"", 1.0µm, PDAF, OIS","Dual LED flash, HDR, panorama","4K@30/60fps, 1080p@30/60/240fps, gyro-EIS","16 MP, f/2.4, 24mm (wide), 1/3"", 1.0µm",HDR,1080p@30fps,24-bit/192kHz audio,"Wi-Fi 802.11 a/b/g/n/ac/6, dual-band, Wi-Fi Direct","5.2, A2DP, LE, aptX HD","GPS (L1+L5), GLONASS (L1), BDS (B1I+B1c+B2a), GALILEO (E1+E5a), QZSS (L1+L5)",Yes,No,USB Type-C 2.0,"Fingerprint (under display, optical), accelerometer, gyro, proximity, compass, color spectrum","Li-Po 4800 mAh, non-removable","Moonstone Black, Jade Green","CPH2415, CPH2413, CPH2417",,AnTuTu: 1016958 (v9),,
https://www.gsmarena.com/oneplus_nord_2t-11517.php,https://fdn2.gsmarena.com/vv/bigpic/oneplus-nord-2t.jpg,OnePlus Nord 2T,"Released 2022, May 21","190g, 8.2mm thickness","Android 12, up to Android 13, OxygenOS 13","128GB/256GB storage, no card slot","6.43""",1080x2400 pixels,8/12 GB RAM,4500 mAh Li-Po,GSM 850 / 900 / 1800 / 1900 - SIM 1 & SIM 2,HSDPA 800 / 850 / 900 / 1700(AWS) / 1800 / 1900 / 2100,"1, 2, 3, 4, 5, 7, 8, 12, 17, 18, 19, 20, 26, 28, 32, 34, 38, 39, 40, 41, 66","1, 3, 7, 8, 20, 28, 38, 41, 78 SA/NSA","HSPA 42.2/5.76 Mbps, LTE-A (CA) Cat18 1200/150 Mbps, 5G","2022, May 19","Available. Released 2022, May 21",159.1 x 73.2 x 8.2 mm (6.26 x 2.88 x 0.32 in),190 g (6.70 oz),"Glass front (Gorilla Glass 5), plastic frame","Dual SIM (Nano-SIM, dual stand-by)","AMOLED, 90Hz, HDR10+","6.43 inches, 99.8 cm(~85.7% screen-to-body ratio)","1080 x 2400 pixels, 20:9 ratio (~409 ppi density)",Corning Gorilla Glass 5,"Android 12, upgradable to Android 13, OxygenOS 13",Mediatek Dimensity 1300 (6 nm),Octa-core (1x3.0 GHz Cortex-A78 & 3x2.6 GHz Cortex-A78 & 4x2.0 GHz Cortex-A55),Mali-G77 MC9,No,"128GB 8GB RAM, 256GB 12GB RAM",UFS 3.1,"50 MP, f/1.9, 24mm (wide), 1/1.56"", 1.0µm, PDAF, OIS","Dual-LED flash, HDR, panorama","4K@30fps, 1080p@30/60/120/480fps, gyro-EIS","32 MP, f/2.4, (wide), 1/2.8"", 0.8µm",Auto HDR,"1080p@30fps, gyro-EIS","Wi-Fi 802.11 a/b/g/n/ac/6, dual-band, Wi-Fi Direct","5.2, A2DP, LE, aptX HD","GPS, GLONASS, GALILEO, BDS, NavIC",Yes,No,"USB Type-C 2.0, OTG","Fingerprint (under display, optical), accelerometer, gyro, proximity, compass","Li-Po 4500 mAh, non-removable","Gray Shadow, Jade Fog","CPH2399, CPH2401",,AnTuTu: 490545 (v8) | 604467 (v9),,,
https://www.gsmarena.com/oneplus_ace_racing-11529.php,https://fdn2.gsmarena.com/vv/bigpic/oneplus-ace-race.jpg,OnePlus Ace Racing,"Released 2022, May 31","205g, 8.7mm thickness","Android 12, ColorOS 12.1","128GB/256GB storage, no card slot","6.59""",1080x2412 pixels,8/12 GB RAM,5000 mAh Li-Po,GSM 850 / 900 / 1800 / 1900 - SIM 1 & SIM 2,HSDPA 850 / 900 / 1700(AWS) / 1900 / 2100,"1, 3, 4, 5, 7, 8, 18, 19, 28, 34, 38, 39, 40, 41","1, 3, 5, 8, 28, 41, 77, 78 SA/NSA","HSPA, LTE-A, 5G","2022, May 17","Available. Released 2022, May 31",164.3 x 75.8 x 8.7 mm (6.47 x 2.98 x 0.34 in),205 g (7.23 oz),"Dual SIM (Nano-SIM, dual stand-by)","IPS LCD, 120Hz, 480 nits (typ), 600 (HBM)","6.59 inches, 104.5 cm(~83.9% screen-to-body ratio)","1080 x 2412 pixels, 20:9 ratio (~401 ppi density)","Android 12, ColorOS 12.1",Mediatek Dimensity 8100-Max (5 nm),Octa-core (4x2.85 GHz Cortex-A78 & 4x2.0 GHz Cortex-A55),Mali-G610 MC6,No,"128GB 8GB RAM, 256GB 8GB RAM, 256GB 12GB RAM",UFS 3.1,"64 MP, f/1.7, 25mm (wide), PDAF","LED flash, HDR, panorama","4K@30fps, 1080p@30/60/120fps, gyro-EIS","16 MP, f/2.1, 26mm (wide), 1/3.09"", 1.0µm",HDR,"1080p@30fps, gyro-EIS","Wi-Fi 802.11 a/b/g/n/ac/6, dual-band, Wi-Fi Direct","5.3, A2DP, LE, aptX HD","GPS, GLONASS, GALILEO, BDS, QZSS",Yes,No,USB Type-C 2.0,"Fingerprint (side-mounted), accelerometer, gyro, proximity, compass","Li-Po 5000 mAh, non-removable","Black, Blue",About 280 EUR,,,,,,,
https://www.gsmarena.com/oneplus_nord_n20_5g-11218.php,https://fdn2.gsmarena.com/vv/bigpic/oneplus-nord-n20-5g-.jpg,OnePlus Nord N20 5G,"Released 2022, April 28","173g, 7.5mm thickness","Android 11, OxygenOS 11","128GB storage, microSDXC","6.43""",1080x2400 pixels,6 GB RAM,4500 mAh Li-Po,GSM 850 / 900 / 1800 / 1900,HSDPA 850 / 900 / 1700(AWS) / 1900 / 2100,"1, 2, 3, 4, 5, 7, 8, 12, 13, 17, 20, 25, 26, 28, 38, 39, 40, 41, 66, 71","2, 25, 41, 66, 71 SA/NSA","HSPA 42.2/5.76 Mbps, LTE-A Cat15 800/200 Mbps, 5G","2022, April 28","Available. Released 2022, April 28",159.9 x 73.2 x 7.5 mm (6.30 x 2.88 x 0.30 in),173 g (6.10 oz),"Glass front (Schott Xensation Up), plastic frame, plastic back",Nano-SIM,AMOLED,"6.43 inches, 99.8 cm(~85.3% screen-to-body ratio)","1080 x 2400 pixels, 20:9 ratio (~409 ppi density)",Schott Xensation Up,Always-on display,"Android 11, OxygenOS 11",Qualcomm SM6375 Snapdragon 695 5G (6 nm),Octa-core (2x2.2 GHz Kryo 660 Gold & 6x1.7 GHz Kryo 660 Silver),Adreno 619,microSDXC (dedicated slot),128GB 6GB RAM,UFS 2.2,"64 MP, f/1.8, (wide), PDAF","LED flash, HDR, panorama",1080p@30fps,"16 MP, f/2.4, (wide)",HDR,1080p@30fps,"Wi-Fi 802.11 a/b/g/n/ac, dual-band, Wi-Fi Direct","5.1, A2DP, LE","GPS (L1+L5), GLONASS, GALILEO, BDS",Yes,No,"USB Type-C 2.0, OTG","Fingerprint (under display, optical), accelerometer, gyro, proximity, compass, barometer","Li-Po 4500 mAh, non-removable",Blue,"GN2200, CPH2459",,"AnTuTu: 316974 (v8), 380672 (v9)",,
https://www.gsmarena.com/oneplus_10r_150w-11598.php,https://fdn2.gsmarena.com/vv/bigpic/oneplus-10r.jpg,OnePlus 10R 150W,"Released 2022, May 04","186g, 8.2mm thickness","Android 12, up to Android 13, OxygenOS 13","256GB storage, no card slot","6.7""",1080x2412 pixels,12 GB RAM,4500 mAh Li-Po,GSM 850 / 900 / 1800 / 1900 - SIM 1 & SIM 2,HSDPA 800 / 850 / 900 / 1700(AWS) / 1900 / 2100,"1, 2, 3, 4, 5, 7, 8, 18, 19, 26, 28, 34, 38, 39, 40, 41","1, 3, 5, 8, 28, 40, 41, 77, 78 SA/NSA","HSPA 42.2/5.76 Mbps, LTE-A (4CA), Cat12 600/150 Mbps, 5G","2022, April 28","Available. Released 2022, May 04",163.3 x 75.5 x 8.2 mm (6.43 x 2.97 x 0.32 in),186 g (6.56 oz),"Glass front (Gorilla Glass 5), plastic frame, plastic back","Dual SIM (Nano-SIM, dual stand-by)","Fluid AMOLED, 1B colors, 120Hz, HDR10+","6.7 inches, 108.0 cm(~87.6% screen-to-body ratio)","1080 x 2412 pixels, 20:9 ratio (~394 ppi density)",Corning Gorilla Glass 5,"Android 12, upgradable to Android 13, OxygenOS 13",Mediatek Dimensity 8100-Max (5 nm),Octa-core (4x2.85 GHz Cortex-A78 & 4x2.0 GHz Cortex-A55),Mali-G610 MC6,No,256GB 12GB RAM,UFS 3.1,"50 MP, f/1.8, 24mm (wide), 1/1.56"", 1.0µm, PDAF, OIS","LED flash, HDR, panorama","4K@30fps, 1080p@30/60/120fps, gyro-EIS","16 MP, f/2.4, 26mm (wide), 1/3.09"", 1.0µm",HDR,"1080p@30fps, gyro-EIS",24-bit/192kHz audio,"Wi-Fi 802.11 a/b/g/n/ac/6, dual-band, Wi-Fi Direct","5.2, A2DP, LE","GPS (L1+L5), GLONASS (G1), BDS (B1), GALILEO (E1+E5a)",Yes,No,USB Type-C 2.0,"Fingerprint (under display, optical), accelerometer, gyro, proximity, compass, color spectrum","Li-Po 4500 mAh, non-removable","Sierra Black, Forest Green",About 340 EUR,,,,
https://www.gsmarena.com/oneplus_10r-11445.php,https://fdn2.gsmarena.com/vv/bigpic/oneplus-10r.jpg,OnePlus 10R,"Released 2022, May 04","186g, 8.2mm thickness","Android 12, up to Android 13, OxygenOS 13","128GB/256GB storage, no card slot","6.7""",1080x2412 pixels,8/12 GB RAM,5000 mAh Li-Po,GSM 850 / 900 / 1800 / 1900 - SIM 1 & SIM 2,HSDPA 800 / 850 / 900 / 1700(AWS) / 1900 / 2100,"1, 2, 3, 4, 5, 7, 8, 18, 19, 26, 28, 34, 38, 39, 40, 41","1, 3, 5, 8, 28, 40, 41, 77, 78 SA/NSA","HSPA 42.2/5.76 Mbps, LTE-A (4CA), Cat12 600/150 Mbps, 5G","2022, April 28","Available. Released 2022, May 04",163.3 x 75.5 x 8.2 mm (6.43 x 2.97 x 0.32 in),186 g (6.56 oz),"Glass front (Gorilla Glass 5), plastic frame, plastic back","Dual SIM (Nano-SIM, dual stand-by)","Fluid AMOLED, 1B colors, 120Hz, HDR10+","6.7 inches, 108.0 cm(~87.6% screen-to-body ratio)","1080 x 2412 pixels, 20:9 ratio (~394 ppi density)",Corning Gorilla Glass 5,"Android 12, upgradable to Android 13, OxygenOS 13",Mediatek Dimensity 8100-Max (5 nm),Octa-core (4x2.85 GHz Cortex-A78 & 4x2.0 GHz Cortex-A55),Mali-G610 MC6,No,"128GB 8GB RAM, 256GB 8GB RAM, 256GB 12GB RAM",UFS 3.1,"50 MP, f/1.8, 24mm (wide), 1/1.56"", 1.0µm, PDAF, OIS","LED flash, HDR, panorama","4K@30fps, 1080p@30/60/120fps, gyro-EIS","16 MP, f/2.4, 26mm (wide), 1/3.09"", 1.0µm",HDR,"1080p@30fps, gyro-EIS",24-bit/192kHz audio,"Wi-Fi 802.11 a/b/g/n/ac/6, dual-band, Wi-Fi Direct","5.2, A2DP, LE","GPS (L1+L5), GLONASS (G1), BDS (B1), GALILEO (E1+E5a)",Yes,No,USB Type-C 2.0,"Fingerprint (under display, optical), accelerometer, gyro, proximity, compass, color spectrum","Li-Po 5000 mAh, non-removable","Sierra Black, Forest Green, Prime Blue",CPH2411,,,,
https://www.gsmarena.com/oneplus_nord_ce_2_lite_5g-11344.php,https://fdn2.gsmarena.com/vv/bigpic/oneplus-nord-ce-2-lite-5g-0.jpg,OnePlus Nord CE 2 Lite 5G,"Released 2022, April 30","195g, 8.5mm thickness","Android 12, up to Android 13, OxygenOS 13","128GB storage, microSDXC","6.59""",1080x2412 pixels,6/8 GB RAM,5000 mAh Li-Po,GSM 850 / 900 / 1800 / 1900 - SIM 1 & SIM 2,HSDPA 800 / 850 / 900 / 1700(AWS) / 1900 / 2100,"1, 2, 3, 4, 5, 7, 8, 12, 13, 17, 18, 19, 20, 26, 28, 38, 39, 40, 41, 66 - Europe","1, 3, 5, 7, 8, 20, 28, 38, 40, 41, 66, 77, 78 SA/NSA - Europe","HSPA, LTE-A (CA), 5G","2022, April 28","Available. Released 2022, April 30",164.3 x 75.6 x 8.5 mm (6.47 x 2.98 x 0.33 in),195 g (6.88 oz),"Glass front, plastic frame, plastic back","Dual SIM (Nano-SIM, dual stand-by)","IPS LCD, 120Hz","6.59 inches, 104.5 cm(~84.1% screen-to-body ratio)","1080 x 2412 pixels, 20:9 ratio (~401 ppi density)","Android 12, upgradable to Android 13, OxygenOS 13",Qualcomm SM6375 Snapdragon 695 5G (6 nm),Octa-core (2x2.2 GHz Kryo 660 Gold & 6x1.7 GHz Kryo 660 Silver),Adreno 619,microSDXC (uses shared SIM slot),"128GB 6GB RAM, 128GB 8GB RAM",UFS 2.2,"64 MP, f/1.7, 26mm (wide), 0.7µm, PDAF","LED flash, HDR, panorama",1080p@30fps,"16 MP, f/2.0, (wide), 1/3.0"", 1.0µm",HDR,1080p@30fps,"Wi-Fi 802.11 a/b/g/n/ac, dual-band, Wi-Fi Direct","5.2, A2DP, LE, aptX HD","GPS, GLONASS, GALILEO, BDS, QZSS",Yes (market/region dependent),Unspecified,"USB Type-C 2.0, OTG","Fingerprint (side-mounted), accelerometer, gyro, proximity, compass","Li-Po 5000 mAh, non-removable","Black Dusk, Blue Tide","CPH2381, CPH2409",,,,,,
https://www.gsmarena.com/oneplus_ace-11488.php,https://fdn2.gsmarena.com/vv/bigpic/oneplus-ace.jpg,OnePlus Ace,"Released 2022, April 26","186g, 8.2mm thickness","Android 12, ColorOS 12.1","128GB/256GB/512GB storage, no card slot","6.7""",1080x2412 pixels,8/12 GB RAM,4500 mAh Li-Po,GSM 850 / 900 / 1800 / 1900 - SIM 1 & SIM 2,HSDPA 800 / 850 / 900 / 1700(AWS) / 1900 / 2100,"1, 2, 3, 4, 5, 7, 8, 18, 19, 26, 28, 34, 38, 39, 40, 41","1, 3, 5, 8, 28, 40, 41, 77, 78 SA/NSA","HSPA, LTE-A, 5G","2022, April 21","Available. Released 2022, April 26",163.3 x 75.5 x 8.2 mm (6.43 x 2.97 x 0.32 in),186 g (6.56 oz),"Glass front (Gorilla Glass 5), plastic frame","Dual SIM (Nano-SIM, dual stand-by)","OLED, 1B colors, 120Hz, HDR10+, 500 nits (typ), 800 nits (HBM), 950 nits (peak)","6.7 inches, 108.0 cm(~87.6% screen-to-body ratio)","1080 x 2412 pixels, 20:9 ratio (~394 ppi density)",Corning Gorilla Glass 5,"Android 12, ColorOS 12.1",Mediatek Dimensity 8100-Max (5 nm),Octa-core (4x2.85 GHz Cortex-A78 & 4x2.0 GHz Cortex-A55),Mali-G610 MC6,No,"128GB 8GB RAM, 256GB 8GB RAM, 256GB 12GB RAM, 512GB 12GB RAM",UFS 3.1,"50 MP, f/1.9, 24mm (wide), 1/1.56"", 1.0µm, PDAF, OIS","LED flash, HDR, panorama","4K@30/60fps, 1080p@30/60/240fps, gyro-EIS","16 MP, f/2.4, 26mm (wide), 1/3.09"", 1.0µm",HDR,"1080p@30fps, gyro-EIS","Wi-Fi 802.11 a/b/g/n/ac/6, dual-band, Wi-Fi Direct","5.2, A2DP, LE","GPS, GLONASS, GALILEO, BDS",Yes,No,USB Type-C 2.0,"Fingerprint (under display, optical), accelerometer, gyro, proximity, compass, color spectrum","Li-Po 4500 mAh, non-removable","Black, Blue",PGKM10,About 360 EUR,,,,
https://www.gsmarena.com/oneplus_10_pro-11234.php,https://fdn2.gsmarena.com/vv/bigpic/oneplus-10-pro.jpg,OnePlus 10 Pro,"Released 2022, January 13","201g, 8.6mm thickness","Android 12, up to 13, OxygenOS 13, ColorOS","128GB/256GB/512GB storage, no card slot","6.7""",1440x3216 pixels,8/12 GB RAM,5000 mAh Li-Po,GSM 850 / 900 / 1800 / 1900 - SIM 1 & SIM 2 (dual-SIM model only),HSDPA 800 / 850 / 900 / 1700(AWS) / 1900 / 2100,"1, 2, 3, 4, 5, 7, 8, 12, 13, 17, 18, 19, 20, 25, 26, 28, 30, 32, 38, 39, 40, 41, 46, 48, 66, 71 - International","1, 2, 3, 5, 7, 8, 20, 25, 28, 30, 38, 40, 41, 48, 66, 71, 77, 78 SA/NSA - International","HSPA 42.2/5.76 Mbps, LTE-A (4CA) Cat18 1200/200 Mbps, 5G","2022, January 11","Available. Released 2022, January 13",163 x 73.9 x 8.6 mm (6.42 x 2.91 x 0.34 in),201 g (7.09 oz),"Glass front (Gorilla Glass Victus), glass back (Gorilla Glass 5), aluminum frame","Single SIM (Nano-SIM) or Dual SIM (Nano-SIM, dual stand-by)","IP68 dust/water resistant - T-Mobile only (not for use underwater, liquid damage is not covered under warranty)","LTPO2 Fluid AMOLED, 1B colors, 120Hz, HDR10+, 500 nits (typ), 800 nits (HBM), 1300 nits (peak)","6.7 inches, 108.4 cm(~90.0% screen-to-body ratio)","1440 x 3216 pixels, 20:9 ratio (~525 ppi density)",Corning Gorilla Glass Victus,Always-on display,"Android 12, upgradable to Android 13, OxygenOS 13 (International), ColorOS (China)",Qualcomm SM8450 Snapdragon 8 Gen 1 (4 nm),Octa-core (1x3.00 GHz Cortex-X2 & 3x2.50 GHz Cortex-A710 & 4x1.80 GHz Cortex-A510),Adreno 730,No,"128GB 8GB RAM, 256GB 8GB RAM, 256GB 12GB RAM, 512GB 12GB RAM",UFS 3.1,"48 MP, f/1.8, 23mm (wide), 1/1.43"", 1.12µm, multi-directional PDAF, Laser AF, OIS","Hasselblad Color Calibration, Dual-LED dual-tone flash, HDR, panorama","8K@24fps, 4K@30/60/120fps, 1080p@30/60/240fps, Auto HDR, gyro-EIS","32 MP, f/2.2, (wide), 1/2.74"", 0.8µm",Auto-HDR,"1080p@30fps, gyro-EIS",24-bit/192kHz audio,"Wi-Fi 802.11 a/b/g/n/ac/6, dual-band, Wi-Fi Direct","5.2, A2DP, LE, aptX HD","GPS (L1+L5), GLONASS (G1), BDS (B1), GALILEO (E1+E5a)",Yes,No,"USB Type-C 3.1, OTG","Fingerprint (under display, optical), accelerometer, gyro, proximity, compass, color spectrum, barometer","Li-Po 5000 mAh, non-removable","Volcanic Black, Emerald Forest, Panda White (Extreme Edition)","NE2210, NE2211, NE2213, NE2215, NE2217",,AnTuTu: 886248 (v9)
https://www.gsmarena.com/oneplus_nord_ce_2_5g-11269.php,https://fdn2.gsmarena.com/vv/bigpic/oneplus-nord-ce-2-5g.jpg,OnePlus Nord CE 2 5G,"Released 2022, February 22","173g, 7.8mm thickness","Android 11, up to Android 13, OxygenOS 13","128GB storage, microSDXC","6.43""",1080x2400 pixels,6/8 GB RAM,4500 mAh Li-Po,GSM 850 / 900 / 1800 / 1900 - SIM 1 & SIM 2,HSDPA 850 / 900 / 1700(AWS) / 1900 / 2100,"1, 2, 3, 4, 5, 7, 8, 12, 17, 18, 19, 20, 26, 28, 38, 39, 40, 41, 66 - Europe","1, 3, 5, 7, 8, 20, 28, 38, 40, 41, 66, 77, 78 SA/NSA - Europe","HSPA 42.2/5.76 Mbps, LTE-A (CA) Cat18 1200/150 Mbps, 5G","2022, February 17","Available. Released 2022, February 22",160.6 x 73.2 x 7.8 mm (6.32 x 2.88 x 0.31 in),173 g (6.10 oz),"Dual SIM (Nano-SIM, dual stand-by)","AMOLED, 90Hz, HDR10+","6.43 inches, 99.8 cm(~84.9% screen-to-body ratio)","1080 x 2400 pixels, 20:9 ratio (~409 ppi density)",Corning Gorilla Glass 5,"Android 11, upgradable to Android 13, OxygenOS 13",Mediatek MT6877 Dimensity 900 (6 nm),Octa-core (2x2.4 GHz Cortex-A78 & 6x2.0 GHz Cortex-A55),Mali-G68 MC4,microSDXC (dedicated slot),"128GB 6GB RAM, 128GB 8GB RAM",UFS 2.2,"64 MP, f/1.8, 26mm (wide), 1/1.97"", 0.7µm, PDAF","LED flash, HDR, panorama","4K@30fps, 1080p@30/60/120fps, gyro-EIS","16 MP, f/2.4, 27mm (wide), 1.0µm",HDR,"1080p@30/60fps, gyro-EIS","Wi-Fi 802.11 a/b/g/n/ac/6, dual-band, Wi-Fi Direct","5.2, A2DP, LE, aptX HD","GPS, GLONASS, GALILEO, BDS, QZSS",Yes,Unspecified,"USB Type-C 2.0, OTG","Fingerprint (under display, optical), accelerometer, gyro, proximity, compass","Li-Po 4500 mAh, non-removable","Gray Mirror, Bahama Blue",IV2201,,,,,,
https://www.gsmarena.com/oneplus_9rt_5g-11148.php,https://fdn2.gsmarena.com/vv/bigpic/oneplus-9-rt-r.jpg,OnePlus 9RT 5G,"Released 2021, October 19","198.5g, 8.3mm thickness","Android 11, up to Android 13, OxygenOS 13","128GB/256GB storage, no card slot","6.62""",1080x2400 pixels,8/12 GB RAM,4500 mAh Li-Po,GSM 850 / 900 / 1800 / 1900 - SIM 1 & SIM 2,HSDPA 800 / 850 / 900 / 1700(AWS) / 1800 / 1900 / 2100,"1, 2, 3, 4, 5, 7, 8, 12, 17, 18, 19, 20, 26, 28, 34, 38, 39, 40, 41 - Global","1, 3, 5, 8, 28, 40, 41, 78 SA/NSA - Global","HSPA 42.2/5.76 Mbps, LTE-A (CA) Cat18 1200/200 Mbps, 5G","2021, October 13","Available. Released 2021, October 19",162.2 x 74.6 x 8.3 mm (6.39 x 2.94 x 0.33 in),198.5 g (7.02 oz),"Glass front (Gorilla Glass 5), glass back (Gorilla Glass 5), aluminum frame","Dual SIM (Nano-SIM, dual stand-by)","AMOLED, 120Hz, HDR10+","6.62 inches, 106.3 cm(~87.9% screen-to-body ratio)","1080 x 2400 pixels, 20:9 ratio (~397 ppi density)",Corning Gorilla Glass 5,Always-on display,"Android 11, upgradable to Android 13, OxygenOS 13",Qualcomm SM8350 Snapdragon 888 5G (5 nm),Octa-core (1x2.84 GHz Cortex-X1 & 3x2.42 GHz Cortex-A78 & 4x1.80 GHz Cortex-A55),Adreno 660,No,"128GB 8GB RAM, 256GB 8GB RAM, 256GB 12GB RAM",UFS 3.1,"50 MP, f/1.8, 24mm (wide), 1/1.56”, 1.0µm, PDAF, OIS","Dual-LED flash, HDR, panorama","4K@30/60fps, 1080p@30/60/240fps, Auto HDR, gyro-EIS","16 MP, f/2.4, (wide), 1/3.06"", 1.0µm",Auto-HDR,"1080p@30fps, gyro-EIS","Wi-Fi 802.11 a/b/g/n/ac/6, dual-band, Wi-Fi Direct","5.2, A2DP, LE","GPS (L1+L5), GLONASS (G1), BDS (B1), GALILEO (E1+E5a)",Yes,No,"USB Type-C 2.0, OTG","Fingerprint (under display, optical), accelerometer, gyro, proximity, compass","Li-Po 4500 mAh, non-removable","Hacker Black, Nano Silver, Blue","MT2110, MT2111",,,,
https://www.gsmarena.com/oneplus_nord_2_5g-10960.php,https://fdn2.gsmarena.com/vv/bigpic/oneplus-nord-2-5g-new.jpg,OnePlus Nord 2 5G,"Released 2021, July 28","189g, 8.3mm thickness","Android 11, OxygenOS 11.3","128GB/256GB storage, no card slot","6.43""",1080x2400 pixels,6-12 GB RAM,4500 mAh Li-Po,GSM 850 / 900 / 1800 / 1900 - SIM 1 & SIM 2,HSDPA 800 / 850 / 900 / 1700(AWS) / 1800 / 1900 / 2100,"1, 2, 3, 4, 5, 7, 8, 12, 17, 18, 19, 20, 26, 28, 32, 34, 38, 39, 40, 41, 66 - EU","1, 3, 7, 8, 20, 28, 38, 41, 66, 78 SA/NSA - EU","HSPA 42.2/5.76 Mbps, LTE-A (CA) Cat18 1200/150 Mbps, 5G","2021, July 22","Available. Released 2021, July 28",159.1 x 73.3 x 8.3 mm (6.26 x 2.89 x 0.33 in),189 g (6.67 oz),"Glass front (Gorilla Glass 5), glass back (Gorilla Glass 5), plastic frame","Dual SIM (Nano-SIM, dual stand-by)","Fluid AMOLED, 90Hz, HDR10+","6.43 inches, 99.8 cm(~85.6% screen-to-body ratio)","1080 x 2400 pixels, 20:9 ratio (~409 ppi density)",Corning Gorilla Glass 5,"Android 11, OxygenOS 11.3",Mediatek MT6893 Dimensity 1200 (6 nm),Octa-core (1x3.0 GHz Cortex-A78 & 3x2.6 GHz Cortex-A78 & 4x2.0 GHz Cortex-A55),Mali-G77 MC9,No,"128GB 6GB RAM, 128GB 8GB RAM, 256GB 8GB RAM, 256GB 12GB RAM",UFS 3.1,"50 MP, f/1.9, 24mm (wide), 1/1.56"", 1.0µm, PDAF, OIS","Dual-LED flash, HDR, panorama","4K@30fps, 1080p@30/60/120fps, gyro-EIS","32 MP, f/2.5, (wide), 1/2.8"", 0.8µm",Auto HDR,"1080p@30fps, gyro-EIS","Wi-Fi 802.11 a/b/g/n/ac/6, dual-band, Wi-Fi Direct","5.2, A2DP, LE, aptX HD","GPS, GLONASS, GALILEO, BDS, SBAS, NavIC",Yes,No,"USB Type-C 2.0, OTG","Fingerprint (under display, optical), accelerometer, gyro, proximity, compass","Li-Po 4500 mAh, non-removable","Gray Sierra, Blue Haze, Green Wood, Pac-Man Edition","DN2101, DN2103",,AnTuTu: 512164 (v8) | 598022 (v9),,,
https://www.gsmarena.com/oneplus_nord_n200_5g-10961.php,https://fdn2.gsmarena.com/vv/bigpic/oneplus-nord-n200-5g.jpg,OnePlus Nord N200 5G,"Released 2021, June 25","189g, 8.3mm thickness","Android 11, OxygenOS 11","64GB storage, microSDXC","6.49""",1080x2400 pixels,4 GB RAM,5000 mAh Li-Po,GSM 850 / 900 / 1800 / 1900,HSDPA 850 / 900 / 1700(AWS) / 1900 / 2100,"1, 2, 3, 4, 5, 7, 8, 12, 13, 17, 20, 25, 26, 28, 66, 71, 38, 39, 40, 41","2, 25, 41, 66, 71 SA/NSA/Sub6 - USA","HSPA 42.2/5.76 Mbps, LTE-A Cat15 800/150 Mbps, 5G","2021, June 21","Available. Released 2021, June 25",163.1 x 74.9 x 8.3 mm (6.42 x 2.95 x 0.33 in),189 g (6.67 oz),Nano-SIM,"IPS LCD, 90Hz","6.49 inches, 102.2 cm(~83.7% screen-to-body ratio)","1080 x 2400 pixels, 20:9 ratio (~405 ppi density)","Android 11, OxygenOS 11",Qualcomm SM4350 Snapdragon 480 5G (8 nm),Octa-core (2x2.0 GHz Kryo 460 & 6x1.8 GHz Kryo 460),Adreno 619,microSDXC,64GB 4GB RAM,UFS 2.1,"13 MP, f/2.2, (wide), PDAF","LED flash, HDR, panorama","1080p@30fps, gyro-EIS","16 MP, f/2.1",HDR,1080p@30fps,"Wi-Fi 802.11 a/b/g/n/ac, dual-band","5.1, A2DP, LE","GPS (L1+L5), GLONASS, BDS, GALILEO",Yes,FM radio,"USB Type-C 2.0, OTG","Fingerprint (side-mounted), accelerometer, gyro, proximity, compass, barometer","Li-Po 5000 mAh, non-removable",Blue Quantum,"DE2118, DE2117",,,,,,,
https://www.gsmarena.com/oneplus_nord_ce_5g-10944.php,https://fdn2.gsmarena.com/vv/bigpic/oneplus-nord-ce-5g.jpg,OnePlus Nord CE 5G,"Released 2021, June 11","170g, 7.9mm thickness","Android 11, up to Android 12, OxygenOS 12","128GB/256GB storage, no card slot","6.43""",1080x2400 pixels,6-12 GB RAM,4500 mAh Li-Po,GSM 850 / 900 / 1800 / 1900 - SIM 1 & SIM 2,HSDPA 800 / 850 / 900 / 1700(AWS) / 1900 / 2100,"1, 2, 3, 4, 5, 7, 8, 12, 17, 18, 19, 20, 26, 28, 39, 40, 41, 66 - Europe","1, 3, 5, 7, 8, 20, 28, 38, 40, 41, 77, 78 SA/NSA - Europe","HSPA 42.2/5.76 Mbps, LTE-A (CA) Cat18 1200/150 Mbps, 5G","2021, June 10","Available. Released 2021, June 11",159.2 x 73.5 x 7.9 mm (6.27 x 2.89 x 0.31 in),170 g (6.00 oz),"Glass front, plastic frame, plastic back","Dual SIM (Nano-SIM, dual stand-by)","Fluid AMOLED, 90Hz","6.43 inches, 99.3 cm(~84.9% screen-to-body ratio)","1080 x 2400 pixels, 20:9 ratio (~410 ppi density)","Android 11, upgradable to Android 12, OxygenOS 12",Qualcomm SM7225 Snapdragon 750G 5G (8 nm),Octa-core (2x2.2 GHz Kryo 570 & 6x1.8 GHz Kryo 570),Adreno 619,No,"128GB 6GB RAM, 128GB 8GB RAM, 256GB 12GB RAM",UFS 2.1,"64 MP, f/1.8, 26mm (wide), 0.7µm, PDAF","LED flash, HDR, panorama","4K@30fps, 1080p@30/60/120fps, gyro-EIS","16 MP, f/2.5, (wide), 1/3.0"", 1.0µm",HDR,1080p@30/60fps,"Wi-Fi 802.11 a/b/g/n/ac, dual-band, Wi-Fi Direct","5.1, A2DP, LE, aptX HD","GPS, GLONASS, GALILEO, BDS, NavIC",Yes,No,"USB Type-C 2.0, OTG","Fingerprint (under display, optical), accelerometer, gyro, proximity, compass","Li-Po 4500 mAh, non-removable","Blue Void, Charkoal Ink, Silver Ray","EB2101, EB2103",,AnTuTu: 318672 (v8) | 391770 (v9),,,,
https://www.gsmarena.com/oneplus_9_pro-10806.php,https://fdn2.gsmarena.com/vv/bigpic/oneplus-9-pro-.jpg,OnePlus 9 Pro,"Released 2021, March 30","197g, 8.7mm thickness","Android 11, up to Android 13, OxygenOS 13","128GB/256GB storage, no card slot","6.7""",1440x3216 pixels,8/12 GB RAM,4500 mAh Li-Po,GSM 850 / 900 / 1800 / 1900 - SIM 1 & SIM 2,HSDPA 800 / 850 / 900 / 1700(AWS) / 1800 / 1900 / 2100,"1, 2, 3, 4, 5, 7, 8, 12, 13, 17, 18, 19, 20, 25, 26, 28, 32, 38, 39, 40, 41, 66 - EU","1, 3, 5, 7, 8, 20, 28, 38, 40, 41, 66, 78 SA/NSA - EU","HSPA 42.2/5.76 Mbps, LTE-A (CA) Cat20 2000/200 Mbps, 5G","2021, March 23","Available. Released 2021, March 30",163.2 x 73.6 x 8.7 mm (6.43 x 2.90 x 0.34 in),197 g (6.95 oz),"Glass front (Gorilla Glass 5), glass back (Gorilla Glass 5), aluminum frame","Single SIM (Nano-SIM) or Dual SIM (Nano-SIM, dual stand-by)",IP68 dust/water resistant (up to 1.5m for 30 min),"LTPO Fluid2 AMOLED, 1B colors, 120Hz, HDR10+, 1300 nits (peak)","6.7 inches, 108.4 cm(~90.3% screen-to-body ratio)","1440 x 3216 pixels, 20:9 ratio (~525 ppi density)",Corning Gorilla Glass 5,Always-on display,"Android 11, upgradable to Android 13, OxygenOS 13",Qualcomm SM8350 Snapdragon 888 5G (5 nm),Octa-core (1x2.84 GHz Cortex-X1 & 3x2.42 GHz Cortex-A78 & 4x1.80 GHz Cortex-A55,Adreno 660,No,"128GB 8GB RAM, 256GB 8GB RAM, 256GB 12GB RAM",UFS 3.1,"48 MP, f/1.8, 23mm (wide), 1/1.43"", 1.12µm, multi-directional PDAF, Laser AF, OIS","Hasselblad Color Calibration, dual-LED flash, HDR, panorama","8K@30fps, 4K@30/60/120fps, 1080p@30/60/240fps, Auto HDR, gyro-EIS","16 MP, f/2.4, (wide), 1/3.06"", 1.0µm",Auto-HDR,"1080p@30fps, gyro-EIS",24-bit/192kHz audio,"Wi-Fi 802.11 a/b/g/n/ac/6, dual-band, Wi-Fi Direct, DLNA","5.2, A2DP, LE, aptX HD","GPS (L1+L5), GLONASS (G1), BDS (B1), GALILEO (E1+E5a)",Yes,No,"USB Type-C 3.1, OTG","Fingerprint (under display, optical), accelerometer, gyro, proximity, compass, color spectrum","Li-Po 4500 mAh, non-removable","Morning Mist, Forest Green, Stellar Black","LE2121, LE2125, LE2123, LE2120, LE2127",,
https://www.gsmarena.com/oneplus_9-10747.php,https://fdn2.gsmarena.com/vv/bigpic/oneplus-9-.jpg,OnePlus 9,"Released 2021, March 26","192g (EU/NA)183g (IN/CN), 8.1mm thickness","Android 11, up to Android 13, OxygenOS 13","128GB/256GB storage, no card slot","6.55""",1080x2400 pixels,8/12 GB RAM,4500 mAh Li-Po,GSM 850 / 900 / 1800 / 1900 - SIM 1 & SIM 2,HSDPA 800 / 850 / 900 / 1700(AWS) / 1800 / 1900 / 2100,"1, 2, 3, 4, 5, 7, 8, 12, 13, 17, 18, 19, 20, 25, 26, 28, 32, 38, 39, 40, 41, 66 - EU","1, 3, 5, 7, 8, 20, 28, 38, 40, 41, 66, 78 SA/NSA - EU","HSPA 42.2/5.76 Mbps, LTE-A (CA) Cat20 2000/200 Mbps, 5G","2021, March 23","Available. Released 2021, March 26",160 x 74.2 x 8.7 mm (EU/NA)160 x 73.9 x 8.1 mm (IN/CN),192 g (EU/NA)183 g (IN/CN) (6.46 oz),"Glass front (Gorilla Glass 5), glass back (Gorilla Glass 5), plastic frame","Single SIM (Nano-SIM) or Dual SIM (Nano-SIM, dual stand-by)",IP68 (T-Mobile version only),"Fluid AMOLED, 120Hz, HDR10+, 1100 nits (peak)","6.55 inches, 103.6 cm(~87.6% screen-to-body ratio)","1080 x 2400 pixels, 20:9 ratio (~402 ppi density)",Corning Gorilla Glass 5,Always-on display,"Android 11, upgradable to Android 13, OxygenOS 13",Qualcomm SM8350 Snapdragon 888 5G (5 nm),Octa-core (1x2.84 GHz Cortex-X1 & 3x2.42 GHz Cortex-A78 & 4x1.80 GHz Cortex-A55),Adreno 660,No,"128GB 8GB RAM, 256GB 12GB RAM",UFS 3.1,"48 MP, f/1.8, 23mm (wide), 1/1.43"", 1.12µm, multi-directional PDAF","Hasselblad Color Calibration, dual-LED flash, HDR, panorama","8K@30fps, 4K@30/60fps, 1080p@30/60/240fps, Auto HDR, gyro-EIS","16 MP, f/2.4, (wide), 1/3.06"", 1.0µm",Auto-HDR,"1080p@30fps, gyro-EIS",24-bit/192kHz audio,"Wi-Fi 802.11 a/b/g/n/ac/6, dual-band, Wi-Fi Direct, DLNA","5.2, A2DP, LE, aptX HD","GPS (L1+L5), GLONASS (G1), BDS (B1), GALILEO (E1+E5a)",Yes,No,"USB Type-C 3.1, OTG","Fingerprint (under display, optical), accelerometer, gyro, proximity, compass, color spectrum","Li-Po 4500 mAh, non-removable","Winter Mist, Arctic Sky, Astral Black","LE2113, LE2111, LE2110, LE2117, LE2115",,
