Link,Image,Name,Release date,Weight,OS,Storage,Screen_size,Screen_resolution,RAM,Battery,net2g,net3g,net4g,speed,year,status,dimensions,weight,build,sim,displaytype,displaysize,displayresolution,os,chipset,cpu,gpu,memoryslot,internalmemory,memoryother,cam1modules,cam1features,cam1video,cam2modules,cam2features,cam2video,wlan,bluetooth,gps,nfc,radio,usb,sensors,batdescription1,colors,models,price,,
https://www.gsmarena.com/infinix_smart_7_(india)-12131.php,https://fdn2.gsmarena.com/vv/bigpic/infinix-smart-7-india.jpg,Infinix Smart 7 (India),"Released 2023, February 27","207g, 9.4mm thickness","Android 12, XOS 12","64GB storage, microSDXC","6.6""",720x1612 pixels,4 GB RAM,6000 mAh Li-Po,GSM 850 / 900 / 1800 / 1900 - SIM 1 & SIM 2,HSDPA 850 / 900 / 2100,"1, 3, 5, 8, 38, 40, 41","HSPA, LTE","2023, February 22","Available. Released 2023, February 27",164.2 x 75.6 x 9.4 mm (6.46 x 2.98 x 0.37 in),207 g (7.30 oz),"Glass front, plastic back, plastic frame","Dual SIM (Nano-SIM, dual stand-by)","IPS LCD, 500 nits","6.6 inches, 104.6 cm(~84.3% screen-to-body ratio)","720 x 1612 pixels, 20:9 ratio (~267 ppi density)","Android 12, XOS 12",Unisoc SC9863A1 (28nm),Octa-core (4x1.6 GHz Cortex-A55 & 4x1.2 GHz Cortex-A55),IMG8322,microSDXC (dedicated slot),64GB 4GB RAM,eMMC 5.1,"13 MP, AF","Dual-LED flash, HDR, panorama",1080p@30fps,5 MP,LED flash,720p@30fps,Wi-Fi 802.11 b/g/n,"4.2, A2DP",GPS,No,Unspecified,USB Type-C 2.0,"Fingerprint (rear-mounted), accelerometer, proximity, compass","Li-Po 6000 mAh, non-removable","Azure Blue, Emerald Green, Night Black",X6517,About 80 EUR,,
https://www.gsmarena.com/infinix_smart_7-12116.php,https://fdn2.gsmarena.com/vv/bigpic/infinix-smart-7.jpg,Infinix Smart 7,"Released 2023, February 22","188g, 8.7mm thickness",Android 12,"64GB storage, microSDXC","6.6""",720x1612 pixels,4 GB RAM,5000 mAh Li-Po,GSM 850 / 900 / 1800 / 1900 - SIM 1 & SIM 2,HSDPA 850 / 900 / 2100,"1, 3, 5, 8, 38, 40, 41","HSPA, LTE","2023, February 09","Available. Released 2023, February 22",163.8 x 75.6 x 8.7 mm (6.45 x 2.98 x 0.34 in),188 g (6.63 oz),"Glass front, plastic back, plastic frame","Dual SIM (Nano-SIM, dual stand-by)","IPS LCD, 500 nits","6.6 inches, 104.6 cm(~84.5% screen-to-body ratio)","720 x 1612 pixels, 20:9 ratio (~267 ppi density)",Android 12,microSDXC (dedicated slot),64GB 4GB RAM,eMMC 5.1,"13 MP, AF","Dual-LED flash, HDR, panorama",1080p@30fps,5 MP,LED flash,720p@30fps,"Wi-Fi 802.11 a/b/g/n/ac, dual-band","5.0, A2DP, LE",GPS,No,FM radio,"microUSB 2.0, OTG","Fingerprint (rear-mounted), accelerometer, proximity","Li-Po 5000 mAh, non-removable","Polar Black, Coastal Green, Iceland White, Peacock Blue",X6515,About 90 EUR,,,,,
https://www.gsmarena.com/infinix_zero_5g_2023-11976.php,https://fdn2.gsmarena.com/vv/bigpic/infinix-zero-5g-2023.jpg,Infinix Zero 5G 2023,"Released 2022, December 01","201g, 8.9mm thickness","Android 12, XOS 12","256GB storage, microSDXC","6.78""",1080x2460 pixels,8 GB RAM,5000 mAh Li-Po,GSM 850 / 900 / 1800 / 1900 - SIM 1 & SIM 2,HSDPA 850 / 900 / 1700(AWS) / 1900 / 2100,"1, 2, 3, 4, 5, 7, 8, 20, 28, 38, 40, 41, 66","1, 3, 5, 7, 8, 20, 28, 38, 40, 41, 66, 71, 77, 78 SA/NSA/Sub6","HSPA 42.2/11.5 Mbps, LTE Cat7 300/75 Mbps","2022, November 08","Available. Released 2022, December 01",168.7 x 76.5 x 8.9 mm (6.64 x 3.01 x 0.35 in),201 g (7.09 oz),"Glass front, plastic frame, plastic back","Dual SIM (Nano-SIM, dual stand-by)","IPS LCD, 120Hz, 500 nits (peak)","6.78 inches, 109.2 cm(~84.6% screen-to-body ratio)",1080 x 2460 pixels (~396 ppi density),"Android 12, XOS 12",Mediatek MT6877V Dimensity 1080Mediatek Dimensity 920 (6 nm) - X6815D,Octa-core (2x2.6 GHz Cortex-A78 & 6x2.0 GHz Cortex-A55)Octa-core (2x2.5 GHz Cortex-A78 & 6x2.0 GHz Cortex-A55) - X6815D,Mali-G68 MC4,microSDXC (dedicated slot),256GB 8GB RAM,"50 MP, f/1.6, (wide), PDAF","Quad-LED flash, HDR, panorama","4K@30fps, 1080p@30/60fps","16 MP, f/2.0, (wide), 1/3"", 1.0µm",Dual-LED flash,1080p@30fps,24-bit/192kHz audio,"Wi-Fi 802.11 a/b/g/n/ac/6, dual-band",Yes,GPS,No,FM radio,"USB Type-C 2.0, OTG","Fingerprint (side-mounted), accelerometer, gyro, proximity, compass","Li-Po 5000 mAh, non-removable","Pearly White, Coral Orange, Submarine Black",X6815C,About 250 EUR,
https://www.gsmarena.com/infinix_hot_20_play-11931.php,https://fdn2.gsmarena.com/vv/bigpic/infinix-hot20-play.jpg,Infinix Hot 20 Play,"Released 2022, October 13","209.6g, 8.9mm thickness","Android 12, XOS 10.6","64GB/128GB storage, microSDXC","6.82""",720x1640 pixels,4 GB RAM,6000 mAh Li-Po,GSM 850 / 900 / 1800 / 1900 - SIM 1 & SIM 2,HSDPA 850 / 900 / 1700(AWS) / 1900 / 2100,"1, 2, 3, 4, 5, 7, 8, 20, 28A, 28, 38, 40, 41","HSPA, LTE","2022, October 13","Available. Released 2022, October 13",171 x 78 x 8.9 mm (6.73 x 3.07 x 0.35 in),209.6 g (7.41 oz),"Glass front, plastic frame, plastic back","Dual SIM (Nano-SIM, dual stand-by)","IPS LCD, 90Hz, 500 nits (peak)","6.82 inches, 110.5 cm(~82.8% screen-to-body ratio)",720 x 1640 pixels (~263 ppi density),"Android 12, XOS 10.6",Mediatek MT6765 Helio G37 (12 nm),Octa-core (4x2.3 GHz Cortex-A53 & 4x1.8 GHz Cortex-A53),PowerVR GE8320,microSDXC (dedicated slot),"64GB 4GB RAM, 128GB 4GB RAM","13 MP, f/1.8, (wide), 1/3.1"", 1.12µm, AF",Quad-LED flash,1080p@30fps,8 MP,Dual-LED flash,1080p@30fps,"Wi-Fi 802.11 a/b/g/n/ac, dual-band",Yes,GPS,No,FM radio,"USB Type-C 2.0, OTG","Fingerprint (rear-mounted), accelerometer, gyro, proximity, compass","Li-Po 6000 mAh, non-removable","Racing Black, Luna Blue, Aurora Green, Fantasy Purple",X6825,About 130 EUR,,,
https://www.gsmarena.com/infinix_hot_20s-11930.php,https://fdn2.gsmarena.com/vv/bigpic/infinix-hot20s.jpg,Infinix Hot 20S,"Released 2022, October 13","202g, 8.5mm thickness","Android 12, XOS 12","128GB storage, microSDXC","6.78""",1080x2460 pixels,8 GB RAM,5000 mAh Li-Po,GSM 850 / 900 / 1800 / 1900 - SIM 1 & SIM 2,HSDPA 850 / 900 / 1700(AWS) / 1900 / 2100,"1, 2, 3, 4, 5, 7, 8, 20, 28A, 28, 38, 40, 41","HSPA, LTE","2022, October 13","Available. Released 2022, October 13",168.7 x 76.8 x 8.5 mm (6.64 x 3.02 x 0.33 in),202 g (7.13 oz),"Glass front, plastic frame, plastic back","Dual SIM (Nano-SIM, dual stand-by)","IPS LCD, 120Hz, 500 nits","6.78 inches, 109.2 cm(~84.3% screen-to-body ratio)",1080 x 2460 pixels (~396 ppi density),"Android 12, XOS 12",Mediatek MT6781 Helio G96 (12 nm),Octa-core (2x2.05 GHz Cortex-A76 & 6x2.0 GHz Cortex-A55),Mali-G57 MC2,microSDXC (dedicated slot),128GB 8GB RAM,"50 MP, f/1.6, (wide), PDAF","Quad-LED flash, HDR, panorama","1440p@30fps, 1080p@30fps",8 MP,Dual-LED flash,1080p@30fps,"Wi-Fi 802.11 a/b/g/n/ac, dual-band",Yes,GPS,No,FM radio,"USB Type-C 2.0, OTG","Fingerprint (side-mounted), accelerometer, proximity, compass","Li-Po 5000 mAh, non-removable","Sonic Black, Tempo Blue, Fantasy Purple, Light-rider White (Neon Edition)",X6827,,,,
https://www.gsmarena.com/infinix_hot_20-11929.php,https://fdn2.gsmarena.com/vv/bigpic/infinix-hot20-4g.jpg,Infinix Hot 20,"Released 2022, October 13","198g, 8.3mm thickness","Android 12, XOS 12","128GB storage, microSDXC","6.82""",720x1640 pixels,4-8 GB RAM,5000 mAh Li-Po,GSM 850 / 900 / 1800 / 1900 - SIM 1 & SIM 2,HSDPA 850 / 900 / 1700(AWS) / 1900 / 2100,"1, 2, 3, 4, 5, 7, 8, 20, 28A, 28, 38, 40, 41","HSPA, LTE","2022, October 13","Available. Released 2022, October 13",170.7 x 77.4 x 8.3 mm (6.72 x 3.05 x 0.33 in),198 g (6.98 oz),"Glass front, plastic frame, plastic back","Dual SIM (Nano-SIM, dual stand-by)","IPS LCD, 90Hz","6.82 inches, 110.5 cm(~83.6% screen-to-body ratio)",720 x 1640 pixels (~263 ppi density),"Android 12, XOS 12",Mediatek MT6769Z Helio G85 (12nm),Octa-core (2x2.0 GHz Cortex-A75 & 6x1.8 GHz Cortex-A55),Mali-G52 MC2,microSDXC (dedicated slot),"128GB 4GB RAM, 128GB 6GB RAM, 128GB 8GB RAM","50 MP, f/1.6, (wide), PDAF","Quad-LED flash, HDR, panorama",1080p@30fps,"8 MP, f/2.0, (wide)",Dual-LED flash,1080p@30fps,"Wi-Fi 802.11 a/b/g/n/ac, dual-band","5.0, A2DP, LE",GPS,Yes (except 128/4 option),FM radio,"USB Type-C 2.0, OTG","Fingerprint (side-mounted), accelerometer, proximity, compass","Li-Po 5000 mAh, non-removable","Sonic Black, Legend White, Tempo Blue, Fantasy Purple","X6826, X6826B, X6826C",About 190 EUR,,,
https://www.gsmarena.com/infinix_note_12_(2023)-11912.php,https://fdn2.gsmarena.com/vv/bigpic/infinix-note12-pro-4g.jpg,Infinix Note 12 (2023),"Released 2022, October 06","195g, 7.8mm thickness","Android 12, XOS 10.6","128GB/256GB storage, microSDXC","6.7""",1080x2400 pixels,8 GB RAM,5000 mAh Li-Po,GSM 850 / 900 / 1800 / 1900 - SIM 1 & SIM 2,HSDPA 850 / 900 / 1700(AWS) / 1900 / 2100,"1, 2, 3, 4, 5, 7, 8, 20, 28, 38, 40, 41","HSPA, LTE","2022, October 06","Available. Released 2022, October 06",164.4 x 76.5 x 7.8 mm (6.47 x 3.01 x 0.31 in),195 g (6.88 oz),"Glass front, plastic frame, plastic back","Dual SIM (Nano-SIM, dual stand-by)",AMOLED,"6.7 inches, 108.4 cm(~86.2% screen-to-body ratio)","1080 x 2400 pixels, 20:9 ratio (~393 ppi density)","Android 12, XOS 10.6",Mediatek MT8781 Helio G99 (6nm),Octa-core (2x2.2 GHz Cortex-A76 & 6x2.0 GHz Cortex-A55),Mali-G57 MC2,microSDXC (dedicated slot),"128GB 8GB RAM, 256GB 8GB RAM","50 MP, f/1.6, (wide), PDAF","Quad-LED flash, HDR, panorama",1440p@30fps,"16 MP, (wide)",1440p@30fps,24-bit/192kHz audio,"Wi-Fi 802.11 a/b/g/n/ac, dual-band",Yes,GPS,Yes,FM radio,"USB Type-C 2.0, OTG","Fingerprint (side-mounted), accelerometer, gyro, proximity, compass","Li-Po 5000 mAh, non-removable","Volcanic Grey, Tuscany Blue, Alpine White",X676C,About 220 EUR,,,
https://www.gsmarena.com/infinix_zero_ultra-11922.php,https://fdn2.gsmarena.com/vv/bigpic/infinix-zero-ultra.jpg,Infinix Zero Ultra,"Released 2022, October 25","213g, 8.8mm thickness","Android 12, XOS 12","256GB storage, no card slot","6.8""",1080x2400 pixels,8 GB RAM,4500 mAh Li-Po,GSM 850 / 900 / 1800 / 1900 - SIM 1 & SIM 2,HSDPA 850 / 900 / 1700(AWS) / 1900 / 2100,"1, 2, 3, 4, 5, 7, 8, 20, 28, 38, 40, 41, 66","1, 2, 3, 5, 20, 28, 38, 40, 41, 71, 77, 78, 79 SA/NSA/Sub6","HSPA 42.2/11.5 Mbps, LTE-A Cat7 300/75 Mbps, 5G","2022, October 05","Available. Released 2022, October 25",165.5 x 74.5 x 8.8 mm - Coslight Silver165.5 x 75.1 x 9.2 mm - Genesis Noir,213 g (7.51 oz),"Dual SIM (Nano-SIM, dual stand-by)","AMOLED, 120Hz, 900 nits (HBM)","6.8 inches, 111.6 cm(~90.5% screen-to-body ratio)","1080 x 2400 pixels, 20:9 ratio (~387 ppi density)",Corning Gorilla Glass 3,"Android 12, XOS 12",Mediatek Dimensity 920 (6 nm),Octa-core (2x2.5 GHz Cortex-A78 & 6x2.0 GHz Cortex-A55),Mali-G68 MC4,No,256GB 8GB RAM,"200 MP, f/2.0, (wide), 1/1.22"", 0.64µm, Dual Pixel PDAF, OIS","Dual-LED flash, HDR, panorama","4K@30fps, 1080p@30/60fps","32 MP, f/2.0, (wide)",Dual-LED flash,1080p@30fps,"Wi-Fi 802.11 a/b/g/n/ac/6, dual-band",Yes,GPS,Yes (market/region dependent),FM radio,"USB Type-C 2.0, OTG","Fingerprint (under display, optical), accelerometer, gyro, proximity, compass","Li-Po 4500 mAh, non-removable","Coslight Silver, Genesis Noir",X6820,About 500 EUR,,
https://www.gsmarena.com/infinix_hot_20_5g-11923.php,https://fdn2.gsmarena.com/vv/bigpic/infinix-hot20-5g.jpg,Infinix Hot 20 5G,"Released 2022, October 06","204g, 8.9mm thickness","Android 12, XOS 10.6","64GB/128GB storage, microSDXC","6.58""",1080x2408 pixels,4 GB RAM,5000 mAh Li-Po,GSM 850 / 900 / 1800 / 1900 - SIM 1 & SIM 2,HSDPA 850 / 900 / 1700(AWS) / 1900 / 2100,"1, 2, 3, 4, 5, 7, 8, 20, 28, 38, 40, 41, 66","1, 2, 3, 5, 7, 8, 20, 28, 38, 40, 41, 66, 71, 77, 78, 79 SA/NSA","HSPA, LTE-A, 5G","2022, October 06","Available. Released 2022, October 06",166.3 x 76.5 x 8.9 mm (6.55 x 3.01 x 0.35 in),204 g (7.20 oz),"Glass front, plastic frame, plastic back","Dual SIM (Nano-SIM, dual stand-by)","IPS LCD, 120Hz, 500 nits","6.58 inches, 104.3 cm(~82.0% screen-to-body ratio)","1080 x 2408 pixels, 20:9 ratio (~401 ppi density)","Android 12, XOS 10.6",Mediatek MT6833P Dimensity 810 (6 nm),Octa-core (2x2.4 GHz Cortex-A76 & 6x2.0 GHz Cortex-A55),Mali-G57 MC2,microSDXC (dedicated slot),"64GB 4GB RAM, 128GB 4GB RAM","50 MP, f/1.6, (wide), 1/2.8"", 0.64µm, PDAF","Dual-LED flash, HDR, panorama",1080p@30fps,"8 MP, f/2.0, (wide)",LED flash,1080p@30fps,"Wi-Fi 802.11 a/b/g/n/ac, dual-band","5.0, A2DP, LE",GPS,Yes (except 64/4 option),FM radio,"USB Type-C 2.0, OTG","Fingerprint (side-mounted), accelerometer, proximity, compass","Li-Po 5000 mAh, non-removable","Racing Black, Space Blue, Blaster Green","X666, X666B",About 240 EUR,,
https://www.gsmarena.com/infinix_hot_20i-11924.php,https://fdn2.gsmarena.com/vv/bigpic/infinix-hot20i.jpg,Infinix Hot 20i,"Released 2022, September 28","195g, 8.8mm thickness","Android 12 or Android 12, XOS 10.6","64GB/128GB storage, microSDXC","6.6""",720x1612 pixels,2-6 GB RAM,5000 mAh Li-Ion,GSM 850 / 900 / 1800 / 1900 - SIM 1 & SIM 2,HSDPA 900 / 2100,"1, 3, 7, 8, 20","HSPA, LTE","2022, September 28","Available. Released 2022, September 28",164.8 x 76.4 x 8.8 mm (6.49 x 3.01 x 0.35 in),195 g (6.88 oz),"Glass front, plastic back, plastic frame","Dual SIM (Nano-SIM, dual stand-by)","IPS LCD, 500 nits (peak)","6.6 inches, 104.6 cm(~83.1% screen-to-body ratio)","720 x 1612 pixels, 20:9 ratio (~267 ppi density)","Android 12 or Android 12 (Go edition), XOS 10.6",Mediatek MT6762G Helio G25 (12 nm) / Mediatek MT6761 Helio A22 (12 nm),Octa-core (4x2.0 GHz Cortex-A53 & 4x1.5 GHz Cortex-A53) / Quad-core 2.0 GHz Cortex-A53,PowerVR GE8320,microSDXC (dedicated slot),"64GB 2GB RAM, 64GB 3GB RAM, 64GB 4GB RAM, 128GB 4GB RAM, 128GB 6GB RAM","13 MP, f/1.8, (wide), AF",Dual-LED flash,1080p@30fps,8 MP,LED flash,1080p@30fps,"Wi-Fi 802.11 a/b/g/n/ac, dual-band",Yes,GPS,No,FM radio,"microUSB 2.0, OTG","Fingerprint (rear-mounted), accelerometer, proximity","Li-Ion 5000 mAh, non-removable","Wilderness Black, Luna Blue, Energy Green, Sunset Gold","X665C, X665E",About 120 EUR,,,
https://www.gsmarena.com/infinix_zero_20-11913.php,https://fdn2.gsmarena.com/vv/bigpic/infinix-zero20-.jpg,Infinix Zero 20,"Released 2023, January 02","196g, 8mm thickness","Android 12, XOS 12","128GB/256GB storage, microSDXC","6.7""",1080x2400 pixels,8 GB RAM,4500 mAh Li-Po,GSM 850 / 900 / 1800 / 1900 - SIM 1 & SIM 2,HSDPA 850 / 900 / 1700(AWS) / 1900 / 2100,"1, 2, 3, 4, 5, 7, 8, 20, 28, 38, 40, 41","HSPA 42.2/11.5 Mbps, LTE Cat4 150/75 Mbps","2022, October 05","Available. Released 2023, January 02",164.4 x 76.7 x 8 mm (6.47 x 3.02 x 0.31 in),196 g (6.91 oz),"Glass front, aluminum frame","Dual SIM (Nano-SIM, dual stand-by)","AMOLED, 90Hz","6.7 inches, 108.4 cm(~86.0% screen-to-body ratio)","1080 x 2400 pixels, 20:9 ratio (~393 ppi density)","Android 12, XOS 12",Mediatek MT8781 Helio G99 (6nm),Octa-core (2x2.2 GHz Cortex-A76 & 6x2.0 GHz Cortex-A55),Mali-G57 MC2,microSDXC (dedicated slot),"128GB 8GB RAM, 256GB 8GB RAM","108 MP, (wide), PDAF","Quad-LED flash, HDR, panorama",1440p@30fps,"60 MP, (wide), AF, OIS","Dual-LED flash, HDR",1440p@30fps,"Wi-Fi 802.11 a/b/g/n/ac, dual-band",Yes,GPS,Yes,FM radio,"USB Type-C 2.0, OTG","Fingerprint (side-mounted), accelerometer, gyro, proximity, compass","Li-Po 4500 mAh, non-removable","Space Gray, Glitter Gold, Green Fantasy",X6821,About 200 EUR,,,
https://www.gsmarena.com/infinix_note_12i_2022-11919.php,https://fdn2.gsmarena.com/vv/bigpic/infinix-note12i-2022.jpg,Infinix Note 12i 2022,"Released 2022, September 30","188g, 7.8mm thickness","Android 12, XOS 10.6","64GB/128GB storage, microSDXC","6.7""",1080x2400 pixels,4/6 GB RAM,5000 mAh Li-Po,GSM 850 / 900 / 1800 / 1900 - SIM 1 & SIM 2,HSDPA 850 / 900 / 1700(AWS) / 1900 / 2100,"1, 2, 3, 4, 5, 7, 8, 20, 28, 38, 41, 40","HSPA, LTE","2022, September 30","Available. Released 2022, September 30",164.5 x 76.7 x 7.8 mm (6.48 x 3.02 x 0.31 in),188 g (6.63 oz),"Glass front, plastic frame, plastic back","Dual SIM (Nano-SIM, dual stand-by)","AMOLED, 90Hz","6.7 inches, 108.4 cm(~85.9% screen-to-body ratio)","1080 x 2400 pixels, 20:9 ratio (~393 ppi density)","Android 12, XOS 10.6",Mediatek MT6769Z Helio G85 (12nm),Octa-core (2x2.0 GHz Cortex-A75 & 6x1.8 GHz Cortex-A55),Mali-G52 MC2,microSDXC (dedicated slot),"64GB 4GB RAM, 128GB 6GB RAM","50 MP, f/1.8, (wide), 1/2.8"", 0.64µm, PDAF","Quad-LED flash, HDR, panorama",1440p@30fps,8 MP,1080p@30fps,"Wi-Fi 802.11 a/b/g/n/ac, dual-band",Yes,GPS,No,FM radio,"USB Type-C 2.0, OTG","Fingerprint (side-mounted), accelerometer, gyro, proximity, compass","Li-Po 5000 mAh, non-removable","Force Black, Alpine White, Metaverse Blue",X677,About 150 EUR,,,,
https://www.gsmarena.com/infinix_hot_12_pro-11822.php,https://fdn2.gsmarena.com/vv/bigpic/infinix-hot12-pro.jpg,Infinix Hot 12 Pro,"Released 2022, August 02","191g, 8.4mm thickness","Android 12, XOS 10.6","128GB storage, microSDXC","6.6""",720x1612 pixels,8 GB RAM,5000 mAh Li-Ion,GSM 850 / 900 / 1800 / 1900 - SIM 1 & SIM 2,HSDPA 850 / 900 / 1700(AWS) / 1900 / 2100,"1, 2, 3, 4, 5, 7, 8, 20, 28, 38, 40, 41","HSPA, LTE","2022, August 02","Available. Released 2022, August 02",164.2 x 75.8 x 8.4 mm (6.46 x 2.98 x 0.33 in),191 g (6.74 oz),"Glass front, plastic back, plastic frame","Dual SIM (Nano-SIM, dual stand-by)","IPS LCD, 90Hz","6.6 inches, 104.6 cm(~84.1% screen-to-body ratio)","720 x 1612 pixels, 20:9 ratio (~267 ppi density)","Android 12, XOS 10.6",Unisoc Tiger T616 (12 nm),Octa-core (2x2.0 GHz Cortex-A75 & 6x1.8 GHz Cortex-A55),Mali-G57 MP1,microSDXC (dedicated slot),128GB 8GB RAM,"50 MP, f/1.6, (wide), AF",Dual-LED flash,1080p@30fps,8 MP,LED flash,1080p@30fps,"Wi-Fi 802.11 a/b/g/n/ac, dual-band",Yes,GPS,Yes,FM radio,Yes,"Fingerprint (rear-mounted), accelerometer, proximity, compass","Li-Ion 5000 mAh, non-removable","Racing Black, Electric Blue, Lightsaber Green, Halo White",X668C,About 180 EUR,,,
https://www.gsmarena.com/infinix_smart_6_plus_(india)-11742.php,https://fdn2.gsmarena.com/vv/bigpic/infinix-smart-6-plus.jpg,Infinix Smart 6 Plus (India),"Released 2022, August 03","202g, 8.7mm thickness",Android 12,"640GB storage, microSDXC","6.82""",720x1600 pixels,2/3 GB RAM,5000 mAh Li-Po,GSM 850 / 900 / 1800 / 1900 - SIM 1 & SIM 2,HSDPA 850 / 900 / 2100,"1, 3, 5, 8, 38, 40, 41","HSPA, LTE","2022, July 29","Available. Released 2022, August 03",172.6 x 77.7 x 8.7 mm (6.80 x 3.06 x 0.34 in),202 g (7.13 oz),"Glass front, plastic back, plastic frame","Dual SIM (Nano-SIM, dual stand-by)","IPS LCD, 440 nits (typ)","6.82 inches, 112.3 cm(~83.7% screen-to-body ratio)","720 x 1600 pixels, 20:9 ratio (~257 ppi density)",Panda Glass,Android 12 (Go edition),Mediatek MT6762G Helio G25 (12 nm),Octa-core (4x2.0 GHz Cortex-A53 & 4x1.5 GHz Cortex-A53),PowerVR GE8320,microSDXC (dedicated slot),"64GB 2GB RAM, 64GB 3GB RAM",eMMC 5.1,"8 MP, f/2.0, AF","Dual-LED flash, HDR, panorama",1080p@30fps,"5 MP, f/2.0",LED flash,720p@30fps,Wi-Fi 802.11 a/b/g/n,"5.0, A2DP, LE",GPS,No,FM radio,"microUSB 2.0, OTG","Fingerprint (rear-mounted), accelerometer, proximity","Li-Po 5000 mAh, non-removable","Tranquil Sea Blue, Miracle Black","X6823C, X6823",About 100 EUR,
https://www.gsmarena.com/infinix_note_12_pro-11695.php,https://fdn2.gsmarena.com/vv/bigpic/infinix-note12-pro-4g.jpg,Infinix Note 12 Pro,"Released 2022, July 18","192g, 7.8mm thickness","Android 12, XOS 10.6","256GB storage, microSDXC","6.7""",1080x2400 pixels,8 GB RAM,5000 mAh Li-Po,GSM 850 / 900 / 1800 / 1900 - SIM 1 & SIM 2,HSDPA 850 / 900 / 1700(AWS) / 1900 / 2100,"1, 2, 3, 4, 5, 7, 8, 20, 28, 38, 40, 41","HSPA, LTE","2022, July 16","Available. Released 2022, July 18",164.4 x 76.5 x 7.8 mm (6.47 x 3.01 x 0.31 in),192 g (6.77 oz),"Glass front, plastic frame, plastic back","Dual SIM (Nano-SIM, dual stand-by)",AMOLED,"6.7 inches, 108.4 cm(~86.2% screen-to-body ratio)","1080 x 2400 pixels, 20:9 ratio (~393 ppi density)","Android 12, XOS 10.6",Mediatek MT8781 Helio G99 (6nm),Octa-core (2x2.2 GHz Cortex-A76 & 6x2.0 GHz Cortex-A55),Mali-G57 MC2,microSDXC (dedicated slot),256GB 8GB RAM,"108 MP, f/1.8, (wide), 1/1.67"", PDAF","Quad-LED flash, HDR, panorama",1440p@30fps,"16 MP, f/2.0, (wide)",Dual-LED flash,1440p@30fps,Yes,Yes,GPS,Yes,FM radio,"USB Type-C 2.0, OTG","Fingerprint (side-mounted), accelerometer, proximity, gyro, compass","Li-Po 5000 mAh, non-removable","Volcanic Grey, Tuscany Blue, Alpine White",X676B,,,,
https://www.gsmarena.com/infinix_note_12_pro_5g-11663.php,https://fdn2.gsmarena.com/vv/bigpic/infinix-note12-pro-5g.jpg,Infinix Note 12 Pro 5G,"Released 2022, July 15","188g, 8mm thickness","Android 12, XOS 10.6","128GB/256GB storage, microSDXC","6.7""",1080x2400 pixels,8 GB RAM,5000 mAh Li-Po,GSM 850 / 900 / 1800 / 1900 - SIM 1 & SIM 2,HSDPA 850 / 900 / 2100,"1, 3, 5, 7, 8, 20, 28, 38, 40, 41","1, 3, 5, 7, 8, 20, 28, 38, 40, 41, 77, 78","HSPA, LTE, 5G","2022, July 08","Available. Released 2022, July 15",164.7 x 76.9 x 8 mm (6.48 x 3.03 x 0.31 in),188 g (6.63 oz),"Glass front, plastic frame, plastic back","Dual SIM (Nano-SIM, dual stand-by)",AMOLED,"6.7 inches, 108.4 cm(~85.6% screen-to-body ratio)","1080 x 2400 pixels, 20:9 ratio (~393 ppi density)",Corning Gorilla Glass 3,"Android 12, XOS 10.6",Mediatek MT6833P Dimensity 810 (6 nm),Octa-core (2x2.4 GHz Cortex-A76 & 6x2.0 GHz Cortex-A55),Mali-G57 MC2,microSDXC (dedicated slot),"128GB 8GB RAM, 256GB 8GB RAM","108 MP, f/1.8, 24mm (wide), PDAF","Quad-LED flash, HDR, panorama",1440p@30fps,"16 MP, f/2.0, (wide)",Dual-LED flash,1440p@30fps,Wi-Fi 802.11 a/b/g/n,"5.0, A2DP, LE",GPS,No,Unspecified,"USB Type-C 2.0, OTG","Fingerprint (side-mounted), accelerometer, gyro, proximity, compass","Li-Po 5000 mAh, non-removable","Black, White",X671B,About 210 EUR,
https://www.gsmarena.com/infinix_note_12_5g-11662.php,https://fdn2.gsmarena.com/vv/bigpic/infinix-note12-5g.jpg,Infinix Note 12 5G,"Released 2022, July 14","186g, 8mm thickness","Android 12, XOS 10.6","64GB storage, microSDXC","6.7""",1080x2400 pixels,6 GB RAM,5000 mAh Li-Po,GSM 850 / 900 / 1800 / 1900 - SIM 1 & SIM 2,HSDPA 850 / 900 / 2100,"1, 3, 5, 7, 8, 20, 28, 38, 40, 41","1, 3, 5, 7, 8, 20, 28, 38, 40, 41, 77, 78","HSPA, LTE, 5G","2022, July 08","Available. Released 2022, July 14",164.7 x 76.9 x 8 mm (6.48 x 3.03 x 0.31 in),186 g (6.56 oz),"Glass front, plastic frame, plastic back","Dual SIM (Nano-SIM, dual stand-by)",AMOLED,"6.7 inches, 108.4 cm(~85.6% screen-to-body ratio)","1080 x 2400 pixels, 20:9 ratio (~393 ppi density)",Corning Gorilla Glass 3,"Android 12, XOS 10.6",Mediatek MT6833P Dimensity 810 (6 nm),Octa-core (2x2.4 GHz Cortex-A76 & 6x2.0 GHz Cortex-A55),Mali-G57 MC2,microSDXC (dedicated slot),64GB 6GB RAM,"50 MP, f/1.6, 27mm (wide), 1/2.8"", 0.64µm, PDAF","Quad-LED flash, HDR, panorama",1440p@30fps,"16 MP, f/2.0, (wide)",Dual-LED flash,1440p@30fps,Wi-Fi 802.11 a/b/g/n,"5.0, A2DP, LE",GPS,No,Unspecified,"USB Type-C 2.0, OTG","Fingerprint (side-mounted), accelerometer, gyro, proximity, compass","Li-Po 5000 mAh, non-removable","Black, White",X671,About 190 EUR,
https://www.gsmarena.com/infinix_hot_11s_nfc-11605.php,https://fdn2.gsmarena.com/vv/bigpic/infinix-hot-11s-nfc.jpg,Infinix Hot 11s NFC,"Released 2022, February 18",8.8mm thickness,"Android 11, XOS 7.6","64GB/128GB storage, microSDXC","6.78""",1080x2460 pixels,4/6 GB RAM,5000 mAh Li-Po,GSM 850 / 900 / 1800 / 1900 - SIM 1 & SIM 2,HSDPA 850 / 900 / 2100,"1, 3, 5, 8, 38, 40, 41","HSPA 42.2/5.76 Mbps, LTE Cat4 150/50 Mbps","2022, February 18","Available. Released 2022, February 18",168.9 x 77 x 8.8 mm (6.65 x 3.03 x 0.35 in),-,"Glass front, plastic back, plastic frame","Dual SIM (Nano-SIM, dual stand-by)","IPS LCD, 90Hz, 500 nits (peak)","6.78 inches, 109.2 cm(~83.9% screen-to-body ratio)",1080 x 2460 pixels (~396 ppi density),"Android 11, XOS 7.6",Mediatek Helio G88 (12nm),Octa-core (2x2.0 GHz Cortex-A75 & 6x1.8 GHz Cortex-A55),Mali-G52 MC2,microSDXC (dedicated slot),"64GB 4GB RAM, 128GB 4GB RAM, 128GB 6GB RAM",eMMC 5.1,"50 MP, f/1.6, (wide), PDAF","Quad-LED flash, HDR, panorama",1440p@30fps,"8 MP, f/2.0, (wide)",Dual-LED flash,1440p@30fps,Wi-Fi 802.11 a/b/g/n,"5.0, A2DP, LE",GPS,Yes,FM radio,"USB Type-C 2.0, OTG","Fingerprint (rear-mounted), accelerometer, gyro, proximity, compass","Li-Po 5000 mAh, non-removable","Polar Black, Green Wave, Purple",About 230 EUR,,,
https://www.gsmarena.com/infinix_hot_12_play-11547.php,https://fdn2.gsmarena.com/vv/bigpic/infinix-hot12-play.jpg,Infinix Hot 12 Play,"Released 2022, May 30","209g, 8.9mm thickness","Android 11, XOS 10","64GB/128GB storage, microSDXC","6.82""",720x1612 pixels,4/6 GB RAM,6000 mAh Li-Po,GSM 850 / 900 / 1800 / 1900 - SIM 1 & SIM 2,HSDPA 850 / 900 / 2100,"1, 3, 5, 8, 38, 40, 41","HSPA, LTE","2022, May 23","Available. Released 2022, May 30",171 x 78 x 8.9 mm (6.73 x 3.07 x 0.35 in),209 g (7.37 oz),"Glass front, plastic back, plastic frame","Dual SIM (Nano-SIM, dual stand-by)","IPS LCD, 90Hz","6.82 inches, 111.7 cm(~83.8% screen-to-body ratio)","720 x 1612 pixels, 20:9 ratio (~259 ppi density)","Android 11, XOS 10",Octa-core 2.3 GHz,microSDXC (dedicated slot),"64GB 4GB RAM, 128GB 4GB RAM, 128GB 6GB RAM",eMMC 5.1,"13 MP, f/1.8, (wide), 1/3.1"", 1.12µm, AF","Dual-LED flash, panorama, HDR",1080p@30fps,8 MP,Dual-LED flash,1080p@30fps,"Wi-Fi 802.11 a/b/g/n/ac, dual-band, Wi-Fi Direct",Yes,GPS,No,FM radio,"USB Type-C 2.0, OTG","Fingerprint (rear-mounted), accelerometer, proximity, compass","Li-Po 6000 mAh, non-removable","Racing Black, Horizon Blue, Daylight Green, Champagne Gold","X6817, X6816C, X6816",,,,,
https://www.gsmarena.com/infinix_hot_12_play_nfc-11876.php,https://fdn2.gsmarena.com/vv/bigpic/infinix-hot12-play.jpg,Infinix Hot 12 Play NFC,"Released 2022, May 30","209g, 8.9mm thickness","Android 11, XOS 10","64GB/128GB storage, microSDXC","6.82""",720x1640 pixels,4/6 GB RAM,6000 mAh Li-Po,GSM 850 / 900 / 1800 / 1900 - SIM 1 & SIM 2,HSDPA 850 / 900 / 2100,"1, 3, 5, 8, 38, 40, 41","HSPA, LTE","2022, May 23","Available. Released 2022, May 30",171 x 78 x 8.9 mm (6.73 x 3.07 x 0.35 in),209 g (7.37 oz),"Glass front, plastic back, plastic frame","Dual SIM (Nano-SIM, dual stand-by)","IPS LCD, 90Hz","6.82 inches, 110.5 cm(~82.8% screen-to-body ratio)",720 x 1640 pixels (~263 ppi density),"Android 11, XOS 10",Unisoc T610 (12 nm),Octa-core (2x1.8 GHz Cortex-A75 & 6x1.8 GHz Cortex-A55),Mali-G52 MP2,microSDXC (dedicated slot),"64GB 4GB RAM, 128GB 4GB RAM, 128GB 6GB RAM",eMMC 5.1,"13 MP, f/1.8, (wide), 1/3.1"", 1.12µm, AF","Dual-LED flash, panorama, HDR",1080p@30fps,8 MP,Dual-LED flash,1080p@30fps,"Wi-Fi 802.11 a/b/g/n/ac, dual-band, Wi-Fi Direct",Yes,GPS,Yes,FM radio,"USB Type-C 2.0, OTG","Fingerprint (rear-mounted), accelerometer, proximity, compass","Li-Po 6000 mAh, non-removable","Racing Black, Horizon Blue, Daylight Green, Champagne Gold",X6816D,,,
https://www.gsmarena.com/infinix_note_12_vip-11527.php,https://fdn2.gsmarena.com/vv/bigpic/infinix-note12-vip.jpg,Infinix Note 12 VIP,"Released 2022, July 13","199g, 7.9mm thickness","Android 12, XOS 10.5","128GB/256GB storage, microSDXC","6.7""",1080x2400 pixels,4/8 GB RAM,4500 mAh Li-Po,GSM 850 / 900 / 1800 / 1900 - SIM 1 & SIM 2,HSDPA 850 / 900 / 1700(AWS) / 1900 / 2100,"1, 2, 3, 4, 5, 7, 8, 20, 28, 28, 38, 40, 41","HSPA, LTE","2022, May 16","Available. Released 2022, July 13",163.5 x 76.7 x 7.9 mm (6.44 x 3.02 x 0.31 in),199 g (7.02 oz),"Glass front, glass back, plastic frame","Dual SIM (Nano-SIM, dual stand-by)","AMOLED, 1B colors, 120Hz, 700 nits (peak)","6.7 inches, 108.4 cm(~86.4% screen-to-body ratio)","1080 x 2400 pixels, 20:9 ratio (~393 ppi density)","Android 12, XOS 10.5",Mediatek MT6781 Helio G96 (12 nm),Octa-core (2x2.05 GHz Cortex-A76 & 6x2.0 GHz Cortex-A55),Mali-G57 MC2,microSDXC (dedicated slot),"128GB 4GB RAM, 256GB 8GB RAM",UFS 2.2,"108 MP, f/1.8, (wide), 1/1.67"", 0.64µm, PDAF, Laser AF","Quad-LED flash, HDR, panorama","1440p@30fps, 1080p@60fps","16 MP, (wide), 1/2.76"", 1.12µm",Dual-LED flash,"1440p@30fps, 1080p@30fps","Wi-Fi 802.11 a/b/g/n, dual-band, Wi-Fi Direct",Yes,GPS,Yes,FM radio,"USB Type-C 2.0, OTG","Fingerprint (side-mounted), accelerometer, gyro, proximity, compass","Li-Po 4500 mAh, non-removable","Cayenne grey, Force black",X672,About 290 EUR,,
https://www.gsmarena.com/infinix_note_12_g96-11526.php,https://fdn2.gsmarena.com/vv/bigpic/infinix-note12-g96.jpg,Infinix Note 12 G96,"Released 2022, May 16","185g, 8mm thickness","Android 12, XOS 10.6","128GB/256GB storage, microSDXC","6.7""",1080x2400 pixels,8 GB RAM,5000 mAh Li-Po,GSM 850 / 900 / 1800 / 1900 - SIM 1 & SIM 2,HSDPA 850 / 900 / 1700(AWS) / 1900 / 2100,"1, 2, 3, 4, 5, 7, 8, 20, 28, 38, 41, 40","HSPA, LTE","2022, May 16","Available. Released 2022, May 16",164.6 x 76.8 x 8 mm (6.48 x 3.02 x 0.31 in),185 g (6.53 oz),"Glass front, plastic frame, plastic back","Dual SIM (Nano-SIM, dual stand-by)",AMOLED,"6.7 inches, 108.4 cm(~85.7% screen-to-body ratio)","1080 x 2400 pixels, 20:9 ratio (~393 ppi density)",Corning Gorilla Glass 3,"Android 12, XOS 10.6",Mediatek MT6781 Helio G96 (12 nm),Octa-core (2x2.05 GHz Cortex-A76 & 6x2.0 GHz Cortex-A55),Mali-G57 MC2,microSDXC (dedicated slot),"128GB 8GB RAM, 256GB 8GB RAM","50 MP, f/1.6, (wide), 1/2.8"", 0.64µm, PDAF","Quad-LED flash, HDR, panorama",1440p@30fps,"16 MP, f/2.0, (wide)",Dual-LED flash,1440p@30fps,"Wi-Fi 802.11 a/b/g/n/ac, dual-band, Wi-Fi Direct","5.0, A2DP, LE",GPS,No,FM radio,"USB Type-C 2.0, OTG","Fingerprint (side-mounted), accelerometer, gyro, proximity, compass","Li-Po 5000 mAh, non-removable","Force Black, Snowfall, Sapphire Blue (Jewel Blue)",X670,About 190 EUR,,
https://www.gsmarena.com/infinix_note_12i-11523.php,https://fdn2.gsmarena.com/vv/bigpic/infinix-note12i.jpg,Infinix Note 12i,"Released 2022, May 11","198g, 8.3mm thickness","Android 12, XOS 10.6","128GB storage, microSDXC","6.82""",720x1640 pixels,4 GB RAM,5000 mAh Li-Po,GSM 850 / 900 / 1800 / 1900 - SIM 1 & SIM 2,HSDPA 850 / 900 / 1700(AWS) / 1900 / 2100,"1, 2, 3, 4, 5, 7, 8, 20, 28, 38, 41, 40","HSPA, LTE","2022, May 11","Available. Released 2022, May 11",170.7 x 77.4 x 8.3 mm (6.72 x 3.05 x 0.33 in),198 g (6.98 oz),"Glass front, plastic frame, plastic back","Dual SIM (Nano-SIM, dual stand-by)","IPS LCD, 90Hz","6.82 inches, 110.5 cm(~83.6% screen-to-body ratio)",720 x 1640 pixels (~263 ppi density),"Android 12, XOS 10.6",Mediatek MT6769Z Helio G85 (12nm),Octa-core (2x2.0 GHz Cortex-A75 & 6x1.8 GHz Cortex-A55),Mali-G52 MC2,microSDXC (dedicated slot),128GB 4GB RAM,"50 MP, f/1.6, (wide), 1/2.8"", 0.64µm, PDAF","Quad-LED flash, HDR, panorama",1440p@30fps,8 MP,Dual-LED flash,1080p@30fps,"Wi-Fi 802.11 a/b/g/n/ac, dual-band, Wi-Fi Direct",Yes,GPS,No,FM radio,"USB Type-C 2.0, OTG","Fingerprint (side-mounted), accelerometer, gyro, proximity, compass","Li-Po 5000 mAh, non-removable","Force Black, Snowfall",X6819,About 170 EUR,,,
https://www.gsmarena.com/infinix_note_12-11497.php,https://fdn2.gsmarena.com/vv/bigpic/infinix-note12.jpg,Infinix Note 12,"Released 2022, April 26","184.5g, 7.9mm thickness","Android 11, XOS 10.6","64GB/128GB storage, microSDXC","6.7""",1080x2400 pixels,4/6 GB RAM,5000 mAh Li-Po,GSM 850 / 900 / 1800 / 1900 - SIM 1 & SIM 2,HSDPA 850 / 900 / 1700(AWS) / 1900 / 2100,"1, 2, 3, 4, 5, 7, 8, 20, 28, 38, 41, 40","HSPA, LTE","2022, April 26","Available. Released 2022, April 26",164.4 x 76.7 x 7.9 mm (6.47 x 3.02 x 0.31 in),184.5 g (6.49 oz),"Glass front, plastic frame, plastic back","Dual SIM (Nano-SIM, dual stand-by)","AMOLED, 1000 nits (peak)","6.7 inches, 108.4 cm(~86.0% screen-to-body ratio)","1080 x 2400 pixels, 20:9 ratio (~393 ppi density)","Android 11, XOS 10.6",Mediatek Helio G88 (12nm),Octa-core (2x2.0 GHz Cortex-A75 & 6x1.8 GHz Cortex-A55),Mali-G52 MC2,microSDXC (dedicated slot),"64GB 4GB RAM, 128GB 4GB RAM, 128GB 6GB RAM","50 MP, f/1.6, (wide), 1/2.8"", 0.64µm, PDAF","Quad-LED flash, HDR, panorama",1440p@30fps,16 MP,1080p@30fps,"Wi-Fi 802.11 a/b/g/n/ac, dual-band, Wi-Fi Direct",Yes,GPS,Yes (market/region dependent),FM radio,"USB Type-C 2.0, OTG","Fingerprint (side-mounted), accelerometer, gyro, proximity, compass","Li-Po 5000 mAh, non-removable","Jewel Blue, Force Black, Sunset Golden","X663, X663C, X663D",About 190 EUR,,,,
https://www.gsmarena.com/infinix_hot_12-11498.php,https://fdn2.gsmarena.com/vv/bigpic/infinix-hot12.jpg,Infinix Hot 12,"Released 2022, April 26","195g, 8.3mm thickness","Android 12, XOS 10.6","128GB storage, microSDXC","6.82""",720x1612 pixels,4/6 GB RAM,5000 mAh Li-Ion,GSM 850 / 900 / 1800 / 1900 - SIM 1 & SIM 2,HSDPA 850 / 900 / 2100,"1, 3, 5, 8, 38, 40, 41","HSPA, LTE","2022, April 26","Available. Released 2022, April 26",170.5 x 77.6 x 8.3 mm (6.71 x 3.06 x 0.33 in),195 g (6.88 oz),"Glass front, plastic back, plastic frame","Dual SIM (Nano-SIM, dual stand-by)","IPS LCD, 90Hz","6.82 inches, 111.7 cm(~84.5% screen-to-body ratio)","720 x 1612 pixels, 20:9 ratio (~259 ppi density)","Android 12, XOS 10.6",Mediatek MT6769Z Helio G85 (12nm),Octa-core (2x2.0 GHz Cortex-A75 & 6x1.8 GHz Cortex-A55),Mali-G52 MC2,microSDXC (dedicated slot),"128GB 4GB RAM, 128GB 6GB RAM","13 MP, f/1.8, (wide), AF",Dual-LED flash,1080p@30fps,8 MP,Dual-LED flash,1080p@30fps,"Wi-Fi 802.11 a/b/g/n/ac, dual-band",Yes,GPS,No,FM radio,Yes,"Fingerprint (side-mounted), accelerometer, proximity, compass","Li-Ion 5000 mAh, non-removable","Racing Black, Legend White, Origin Blue, Lucky Green","X6817, X6817B",About 150 EUR,,,
https://www.gsmarena.com/infinix_smart_6_hd-11499.php,https://fdn2.gsmarena.com/vv/bigpic/infinix-smart-6-hd.jpg,Infinix Smart 6 HD,"Released 2022, April 26",,"Android 11, XOS 7.6","32GB/64GB storage, microSDXC","6.6""",720x1600 pixels,2/3 GB RAM,5000 mAh Li-Po,GSM 850 / 900 / 1800 / 1900 - SIM 1 & SIM 2,HSDPA 850 / 900 / 2100,"1, 3, 5, 8, 38, 40, 41","HSPA, LTE","2022, April 26","Available. Released 2022, April 26",-,-,"Glass front, plastic back, plastic frame","Dual SIM (Nano-SIM, dual stand-by)","IPS LCD, 500 nits (peak)","6.6 inches, 105.2 cm","720 x 1600 pixels, 20:9 ratio (~266 ppi density)","Android 11 (Go edition), XOS 7.6",Unisoc SC9863A (28nm),Octa-core (4x1.6 GHz Cortex-A55 & 4x1.2 GHz Cortex-A55),IMG8322,microSDXC (dedicated slot),"32GB 2GB RAM, 64GB 3GB RAM",eMMC 5.1,"8 MP, AF",Dual-LED flash,1080p@30fps,5 MP,LED flash,720p@30fps,Wi-Fi 802.11 b/g/n,Yes,GPS,No,FM radio,"microUSB 2.0, OTG","Accelerometer, proximity","Li-Po 5000 mAh, non-removable","Force Black, Origin Blue, Aqua Sky",X6512,About 80 EUR,,
https://www.gsmarena.com/infinix_hot_11_2022-11478.php,https://fdn2.gsmarena.com/vv/bigpic/infinix-hot-11-2022.jpg,Infinix Hot 11 2022,"Released 2022, April 21","199.6g, 9.1mm thickness","Android 11, XOS 7.6","64GB storage, microSDXC","6.7""",1080x2400 pixels,4 GB RAM,5000 mAh Li-Po,GSM 850 / 900 / 1800 / 1900 - SIM 1 & SIM 2,HSDPA 850 / 900 / 2100,"1, 3, 5, 8, 38, 40, 41","HSPA 42.2/5.76 Mbps, LTE Cat4 150/50 Mbps","2022, April 15","Available. Released 2022, April 21",166.8 x 76.6 x 9.1 mm (6.57 x 3.02 x 0.36 in),199.6 g (7.05 oz),"Glass front, plastic back, plastic frame","Dual SIM (Nano-SIM, dual stand-by)","IPS LCD, 550 nits (peak)","6.7 inches, 108.4 cm(~84.8% screen-to-body ratio)","1080 x 2400 pixels, 20:9 ratio (~393 ppi density)","Android 11, XOS 7.6",Unisoc T610 (12 nm),Octa-core (2x1.8 GHz Cortex-A75 & 6x1.8 GHz Cortex-A55),Mali-G52 MP2,microSDXC (dedicated slot),64GB 4GB RAM,eMMC 5.1,"13 MP, f/2.0, (wide), PDAF","LED flash, HDR",1080p@30fps,"8 MP, f/2.0, (wide)",1080p@30fps,Wi-Fi 802.11 a/b/g/n,"5.1, A2DP, LE",GPS,No,Unspecified,"USB Type-C 2.0, OTG","Fingerprint (side-mounted), accelerometer, proximity","Li-Po 5000 mAh, non-removable","Aurora Green, Polar Black, Sunset Gold",X675,About 110 EUR,,,
https://www.gsmarena.com/infinix_hot_12i-11473.php,https://fdn2.gsmarena.com/vv/bigpic/infinix-hot-12i.jpg,Infinix Hot 12i,"Released 2022, April 12","190g, 8.8mm thickness","Android 11, XOS 7.6","64GB storage, microSDXC","6.6""",720x1612 pixels,2-4 GB RAM,5000 mAh Li-Ion,GSM 850 / 900 / 1800 / 1900 - SIM 1 & SIM 2,HSDPA 850 / 900 / 2100,"1, 3, 5, 8, 38, 40, 41","HSPA, LTE","2022, April 12","Available. Released 2022, April 12",164.8 x 76.4 x 8.8 mm (6.49 x 3.01 x 0.35 in),190 g (6.70 oz),"Glass front, plastic back, plastic frame","Dual SIM (Nano-SIM, dual stand-by)","IPS LCD, 480 nits","6.6 inches, 104.6 cm(~83.1% screen-to-body ratio)","720 x 1612 pixels, 20:9 ratio (~267 ppi density)","Android 11, XOS 7.6",Mediatek MT6761 Helio A22 (12 nm),Quad-core 2.0 GHz Cortex-A53,PowerVR GE8320,microSDXC (dedicated slot),"64GB 2GB RAM, 64GB 3GB RAM, 64GB 4GB RAM",eMMC 5.1,"13 MP, f/1.8, (wide), AF",Dual-LED flash,1080p@30fps,8 MP,LED flash,1080p@30fps,"Wi-Fi 802.11 a/b/g/n/ac, dual-band",Yes,GPS,No,FM radio,microUSB 2.0,"Fingerprint (rear-mounted), accelerometer, proximity","Li-Ion 5000 mAh, non-removable","Racing Black, Horizon Blue, Haze Green, Champagne Gold","X665B, X665",About 140 EUR,,
https://www.gsmarena.com/infinix_zero_5g-11355.php,https://fdn2.gsmarena.com/vv/bigpic/infinix-zero-5g.jpg,Infinix Zero 5G,"Released 2022, March 03","199g, 8.8mm thickness","Android 11, XOS 10","128GB storage, microSDXC","6.78""",1080x2460 pixels,8 GB RAM,5000 mAh Li-Po,GSM 850 / 900 / 1800 / 1900 - SIM 1 & SIM 2,HSDPA 850 / 900 / 1700(AWS) / 1900 / 2100,"1, 2, 3, 4, 5, 7, 8, 17, 20, 28, 38, 40, 41, 66 - X6815","1, 3, 5, 7, 8, 20, 28, 38, 40, 41, 77, 78, 79 SA/NSA/Sub6 - X6815","HSPA 42.2/11.5 Mbps, LTE Cat7 300/150 Mbps","2022, February 08","Available. Released 2022, March 03",168.7 x 76.5 x 8.8 mm (6.64 x 3.01 x 0.35 in),199 g (7.05 oz),"Glass front, plastic frame, plastic back","Dual SIM (Nano-SIM, dual stand-by)","IPS LCD, 120Hz, 500 nits (peak)","6.78 inches, 113.7 cm(~88.1% screen-to-body ratio)",1080 x 2460 pixels (~388 ppi density),"Android 11, XOS 10",Mediatek MT6877 Dimensity 900 (6 nm),Octa-core (2x2.4 GHz Cortex-A78 & 6x2.0 GHz Cortex-A55),Mali-G68 MC4,microSDXC (dedicated slot),128GB 8GB RAM,UFS 3.1,"48 MP, f/1.8, 26mm (wide), 1/2.0"", 0.8µm, PDAF","Quad-LED flash, HDR, panorama","4K@30fps, 1080p@30/60fps","16 MP, f/2.0, (wide), 1/2.76"", 1.12µm",Dual-LED flash,1080p@30fps,"Wi-Fi 802.11 a/b/g/n/ac/6, dual-band, Wi-Fi Direct",Yes,GPS,No,FM radio,"USB Type-C 2.0, OTG","Fingerprint (side-mounted), accelerometer, gyro, proximity, compass","Li-Po 5000 mAh, non-removable","Cosmic Black, Skylight Orange, Horizon Blue","X6815, X6815B",About 250 EUR,"AnTuTu: 419083 (v8), 487639 (v9)"
https://www.gsmarena.com/infinix_smart_5_pro-11221.php,https://fdn2.gsmarena.com/vv/bigpic/infinix-smart-5pro.jpg,Infinix Smart 5 Pro,"Released 2021, November 17",9.5mm thickness,"Android 11, XOS 7.6","32GB storage, microSDXC","6.52""",720x1600 pixels,2 GB RAM,6000 mAh Li-Po,GSM 850 / 900 / 1800 / 1900 - SIM 1 & SIM 2,HSDPA 850 / 900 / 2100,"1, 3, 5, 8, 38, 40, 41","HSPA 21.1/5.76 Mbps, LTE Cat4 150/50 Mbps","2021, November 17","Available. Released 2021, November 17",164.4 x 75.6 x 9.5 mm (6.47 x 2.98 x 0.37 in),-,"Glass front, plastic back, plastic frame","Dual SIM (Nano-SIM, dual stand-by)","IPS LCD, 500 nits (peak)","6.52 inches, 102.6 cm(~82.6% screen-to-body ratio)","720 x 1600 pixels, 20:9 ratio (~269 ppi density)","Android 11 (Go edition), XOS 7.6",Unisoc SC9863A (28nm),Octa-core (4x1.6 GHz Cortex-A55 & 4x1.2 GHz Cortex-A55),IMG8322,microSDXC (dedicated slot),32GB 2GB RAM,eMMC 5.1,"13 MP, f/1.8, AF",Quad-LED flash,1440p@30fps,8 MP,Dual-LED flash,1080p@30fps,Wi-Fi 802.11 b/g/n,"4.2, A2DP",GPS,No,FM radio,microUSB 2.0,"Fingerprint (rear-mounted), accelerometer, proximity","Li-Po 6000 mAh, non-removable","Morandi Green, Heart of Ocean",About 70 EUR,,,
https://www.gsmarena.com/infinix_hot_11_play-11216.php,https://fdn2.gsmarena.com/vv/bigpic/infinix-hot11-play.jpg,Infinix Hot 11 Play,"Released 2021, November 15",8.9mm thickness,"Android 11, XOS 7.6","64GB/128GB storage, microSDXC","6.82""",720x1640 pixels,4 GB RAM,6000 mAh Li-Po,GSM 850 / 900 / 1800 / 1900 - SIM 1 & SIM 2,HSDPA 850 / 900 / 2100,"1, 3, 5, 8, 38, 40, 41","HSPA, LTE","2021, November 15","Available. Released 2021, November 15",171.8 x 78 x 8.9 mm (6.76 x 3.07 x 0.35 in),-,"Glass front, plastic back, plastic frame","Dual SIM (Nano-SIM, dual stand-by)","IPS LCD, 440 nits (typ)","6.82 inches, 110.5 cm(~82.4% screen-to-body ratio)",720 x 1640 pixels (~263 ppi density),"Android 11, XOS 7.6",Mediatek MT6765G Helio G35 (12 nm),Octa-core (4x2.3 GHz Cortex-A53 & 4x1.8 GHz Cortex-A53),PowerVR GE8320,microSDXC (dedicated slot),"64GB 4GB RAM, 128GB 4GB RAM",eMMC 5.1,"13 MP, f/1.8, (wide), 1/3.1"", 1.12µm, AF","Quad-LED flash, panorama, HDR",1080p@30fps,"8 MP, f/2.0, (wide)",LED flash,1080p@30fps,"Wi-Fi 802.11 a/b/g/n/ac, dual-band, Wi-Fi Direct","5.0, A2DP, LE",GPS,No,FM radio,"microUSB 2.0, OTG","Fingerprint (rear-mounted), accelerometer, proximity, compass","Li-Po 6000 mAh, non-removable","Green, Gold, Blue, Black",About 120 EUR,,,
https://www.gsmarena.com/infinix_note_11i-11214.php,https://fdn2.gsmarena.com/vv/bigpic/infinix-note-11i.jpg,Infinix Note 11i,"Released 2021, November 15",8.8mm thickness,"Android 11, XOS 7.6","64GB storage, microSDXC","6.95""",1080x2460 pixels,4 GB RAM,5000 mAh Li-Po,GSM 850 / 900 / 1800 / 1900 - SIM 1 & SIM 2,HSDPA 900 / 2100,"1, 3, 7, 8, 20, 28","HSPA, LTE","2021, November 15","Available. Released 2021, November 15",173.2 x 78.7 x 8.8 mm (6.82 x 3.10 x 0.35 in),-,"Glass front, plastic frame, plastic back","Dual SIM (Nano-SIM, dual stand-by)",IPS LCD,"6.95 inches, 114.7 cm(~84.2% screen-to-body ratio)",1080 x 2460 pixels (~387 ppi density),"Android 11, XOS 7.6",Mediatek MT6769Z Helio G85 (12nm),Octa-core (2x2.0 GHz Cortex-A75 & 6x1.8 GHz Cortex-A55),Mali-G52 MC2,microSDXC (dedicated slot),64GB 4GB RAM,eMMC 5.1,"48 MP, f/1.8, PDAF","Quad-LED flash, HDR, panorama","1440p@30fps, 1080p@30fps",16 MP,1080p@30fps,"Wi-Fi 802.11 a/b/g/n/ac, dual-band",Yes,GPS,No,FM radio,"USB Type-C 2.0, OTG","Fingerprint (side-mounted), accelerometer, gyro, proximity, compass","Li-Po 5000 mAh, non-removable","Black, Blue, Green",About 140 EUR,,,,
https://www.gsmarena.com/infinix_note_11s-11202.php,https://fdn2.gsmarena.com/vv/bigpic/infinix-note-11s.jpg,Infinix Note 11s,"Released 2021, November 08",8.7mm thickness,"Android 11, XOS 10","64GB/128GB storage, microSDXC","6.95""",1080x2460 pixels,4/6 GB RAM,5000 mAh Li-Po,GSM 850 / 900 / 1800 / 1900 - SIM 1 & SIM 2,HSDPA 850 / 900 / 1700(AWS) / 1900 / 2100,"1, 2, 3, 4, 5, 7, 8, 20, 28, 38, 41, 40","HSPA, LTE","2021, November 08","Available. Released 2021, November 08",173.1 x 78.4 x 8.7 mm (6.81 x 3.09 x 0.34 in),-,"Glass front, plastic frame, plastic back","Dual SIM (Nano-SIM, dual stand-by)","IPS LCD, 120Hz","6.95 inches, 114.7 cm(~84.5% screen-to-body ratio)",1080 x 2460 pixels (~387 ppi density),"Android 11, XOS 10",Mediatek Helio G96 (12 nm),Octa-core (2x2.05 GHz Cortex-A76 & 6x2.0 GHz Cortex-A55),Mali-G57 MC2,microSDXC (dedicated slot),"64GB 4GB RAM, 64GB 6GB RAM, 128GB 4GB RAM, 128GB 6GB RAM, 128GB 8GB RAM",UFS 2.2,"50 MP, f/1.6, (wide), PDAF","Quad-LED flash, HDR, panorama",1440p@30fps,16 MP,1080p@30fps,"Wi-Fi 802.11 a/b/g/n/ac, dual-band, Wi-Fi Direct",Yes,GPS,No,FM radio,"USB Type-C 2.0, OTG","Fingerprint (side-mounted), accelerometer, gyro, proximity, compass","Li-Po 5000 mAh, non-removable","Haze Green, Mithril Gray, Symphony Cyan",X698,About 180 EUR,,,
https://www.gsmarena.com/infinix_note_11-11201.php,https://fdn2.gsmarena.com/vv/bigpic/infinix-note11.jpg,Infinix Note 11,"Released 2021, December 08","184g, 7.9mm thickness","Android 11, XOS 10","64GB/128GB storage, microSDXC","6.7""",1080x2400 pixels,4/6 GB RAM,5000 mAh Li-Po,GSM 850 / 900 / 1800 / 1900 - SIM 1 & SIM 2,HSDPA 850 / 900 / 1700(AWS) / 1900 / 2100,"1, 2, 3, 4, 5, 7, 8, 20, 28, 38, 41, 40","HSPA, LTE","2021, November 03","Available. Released 2021, December 08",164.4 x 76.7 x 7.9 mm (6.47 x 3.02 x 0.31 in),184 g (6.49 oz),"Glass front, plastic frame, plastic back","Dual SIM (Nano-SIM, dual stand-by)","AMOLED, 650 nits (peak)","6.7 inches, 108.4 cm(~86.0% screen-to-body ratio)","1080 x 2400 pixels, 20:9 ratio (~393 ppi density)","Android 11, XOS 10",Mediatek Helio G88 (12nm),Octa-core (2x2.0 GHz Cortex-A75 & 6x1.8 GHz Cortex-A55),Mali-G52 MC2,microSDXC (dedicated slot),"64GB 4GB RAM, 128GB 4GB RAM, 128GB 6GB RAM","50 MP, f/1.6, (wide), PDAF","Quad-LED flash, HDR, panorama",1440p@30fps,16 MP,1080p@30fps,"Wi-Fi 802.11 a/b/g/n/ac, dual-band, Wi-Fi Direct",Yes,GPS,Yes (market/region dependent),FM radio,"USB Type-C 2.0, OTG","Fingerprint (side-mounted), accelerometer, gyro, proximity, compass","Li-Po 5000 mAh, non-removable","Celestial Snow, Glacier Green, Graphite Black","X663, X663B",About 100 EUR,,,,
https://www.gsmarena.com/infinix_smart_6-11189.php,https://fdn2.gsmarena.com/vv/bigpic/infinix-smart-6.jpg,Infinix Smart 6,"Released 2021, October 26",,"Android 11, XOS 7.6","32GB/64GB storage, microSDXC","6.6""",720x1600 pixels,2/3 GB RAM,5000 mAh Li-Po,GSM 850 / 900 / 1800 / 1900 - SIM 1 & SIM 2,HSDPA 850 / 900 / 2100,"1, 3, 5, 8, 38, 40, 41","HSPA, LTE","2021, October 26","Available. Released 2021, October 26",-,-,"Glass front, plastic back, plastic frame","Dual SIM (Nano-SIM, dual stand-by)","IPS LCD, 500 nits (typ)","6.6 inches, 105.2 cm","720 x 1600 pixels, 20:9 ratio (~266 ppi density)","Android 11 (Go edition), XOS 7.6",Unisoc SC9863A (28nm),Octa-core (4x1.6 GHz Cortex-A55 & 4x1.2 GHz Cortex-A55),IMG8322,microSDXC (dedicated slot),"32GB 2GB RAM, 64GB 3GB RAM",eMMC 5.1,"8 MP, AF",Dual-LED flash,1080p@30fps,5 MP,LED flash,720p@30fps,Wi-Fi 802.11 b/g/n,Yes,GPS,Yes (market/region dependent),FM radio,"microUSB 2.0, OTG","Fingerprint (rear-mounted), accelerometer, proximity","Li-Po 5000 mAh, non-removable","Purple, Ocean Blue, Light Sea Green, Polar Black","X6511B, X6511, X6511E",About 100 EUR,,
https://www.gsmarena.com/infinix_note_11_pro-11157.php,https://fdn2.gsmarena.com/vv/bigpic/infinix-note-11-pro.jpg,Infinix Note 11 Pro,"Released 2021, November 19","209, 8.7mm thickness","Android 11, XOS 10","128GB storage, microSDXC","6.95""",1080x2460 pixels,4/8 GB RAM,5000 mAh Li-Po,GSM 850 / 900 / 1800 / 1900 - SIM 1 & SIM 2,HSDPA 850 / 900 / 1700(AWS) / 1900 / 2100,"1, 2, 3, 4, 5, 7, 8, 20, 28, 38, 41, 40","HSPA, LTE","2021, October 12","Available. Released 2021, November 19",173.1 x 78.4 x 8.7 mm (6.81 x 3.09 x 0.34 in),209 (7.37 oz),"Glass front, plastic frame, plastic back","Dual SIM (Nano-SIM, dual stand-by)","IPS LCD, 120Hz","6.95 inches, 114.7 cm(~84.5% screen-to-body ratio)",1080 x 2460 pixels (~387 ppi density),"Android 11, XOS 10",Mediatek Helio G96 (12 nm),Octa-core (2x2.05 GHz Cortex-A76 & 6x2.0 GHz Cortex-A55),Mali-G57 MC2,microSDXC (dedicated slot),"128GB 4GB RAM, 128GB 8GB RAM",UFS 2.2,"64 MP, f/1.7, (wide), 1/1.72"", 0.8µm, PDAF","Quad-LED flash, HDR, panorama",1440p@30fps,16 MP,1080p@30fps,"Wi-Fi 802.11 a/b/g/n/ac, dual-band, Wi-Fi Direct",Yes,GPS,No,FM radio,"USB Type-C 2.0, OTG","Fingerprint (side-mounted), accelerometer, gyro, proximity, compass","Li-Po 5000 mAh, non-removable","Mithril Grey, Haze Green, Mist Blue",X697,"AnTuTu:  290797 (v8),  343527 (v9)",,,
https://www.gsmarena.com/infinix_hot_11s-11162.php,https://fdn2.gsmarena.com/vv/bigpic/infinix-hot11s.jpg,Infinix Hot 11s,"Released 2021, September 21","205g, 8.8mm thickness","Android 11, XOS 7.6","64GB/128GB storage, microSDXC","6.78""",1080x2480 pixels,4/6 GB RAM,5000 mAh Li-Po,GSM 850 / 900 / 1800 / 1900 - SIM 1 & SIM 2,HSDPA 850 / 900 / 2100,"1, 3, 5, 8, 38, 40, 41","HSPA 42.2/5.76 Mbps, LTE Cat4 150/50 Mbps","2021, September 17","Available. Released 2021, September 21",168.9 x 77 x 8.8 mm (6.65 x 3.03 x 0.35 in),205 g (7.23 oz),"Glass front, plastic back, plastic frame","Dual SIM (Nano-SIM, dual stand-by)","IPS LCD, 90Hz, 500 nits (peak)","6.78 inches, 108.6 cm(~83.5% screen-to-body ratio)",1080 x 2480 pixels (~399 ppi density),NEG Dinorex T2X-1,"Android 11, XOS 7.6",Mediatek Helio G88 (12nm),Octa-core (2x2.0 GHz Cortex-A75 & 6x1.8 GHz Cortex-A55),Mali-G52 MC2,microSDXC (dedicated slot),"64GB 4GB RAM, 128GB 4GB RAM, 128GB 6GB RAM",eMMC 5.1,"50 MP, f/1.6, (wide), PDAF","Quad-LED flash, HDR, panorama",1440p@30fps,"8 MP, f/2.0, (wide)",Dual-LED flash,1440p@30fps,Wi-Fi 802.11 a/b/g/n,"5.0, A2DP, LE",GPS,No,FM radio,"USB Type-C 2.0, OTG","Fingerprint (rear-mounted), accelerometer, gyro, proximity, compass","Li-Po 5000 mAh, non-removable","Polar Black, Green Wave, Purple","X6812, X6812B",,
https://www.gsmarena.com/infinix_hot_11-11161.php,https://fdn2.gsmarena.com/vv/bigpic/infinix-hot11.jpg,Infinix Hot 11,"Released 2021, September 21","201g, 8.9mm thickness","Android 11, XOS 7.6","64GB/128GB storage, microSDXC","6.6""",1080x2408 pixels,4 GB RAM,5200 mAh Li-Po,GSM 850 / 900 / 1800 / 1900 - SIM 1 & SIM 2,HSDPA 850 / 900 / 2100,"1, 3, 5, 8, 38, 40, 41","HSPA 42.2/5.76 Mbps, LTE Cat4 150/50 Mbps","2021, September 17","Available. Released 2021, September 21",164.7 x 76.2 x 8.9 mm (6.48 x 3.00 x 0.35 in),201 g (7.09 oz),"Glass front, plastic back, plastic frame","Dual SIM (Nano-SIM, dual stand-by)","IPS LCD, 500 nits (peak)","6.6 inches, 104.9 cm(~83.6% screen-to-body ratio)","1080 x 2408 pixels, 20:9 ratio (~400 ppi density)","Android 11, XOS 7.6",Mediatek Helio G70 (12 nm),Octa-core (2x2.0 GHz Cortex-A75 & 6x1.7 GHz Cortex-A55),Mali-G52 2EEMC2,microSDXC (dedicated slot),"64GB 4GB RAM, 128GB 4GB RAM",eMMC 5.1,"13 MP, f/1.8, (wide), PDAF","Quad-LED flash, HDR, panorama",1440p@30fps,"8 MP, f/2.0, (wide)",Dual-LED flash,1440p@30fps,Wi-Fi 802.11 a/b/g/n,"5.0, A2DP, LE",GPS,No,FM radio,"USB Type-C 2.0, OTG","Fingerprint (rear-mounted), accelerometer, gyro, proximity, compass","Li-Po 5200 mAh, non-removable","Silver Wave, Purple, Emerald Green, Polar Black","X662, X662B, X689F",,,
https://www.gsmarena.com/infinix_zero_x_pro-10989.php,https://fdn2.gsmarena.com/vv/bigpic/zero-x-series.jpg,Infinix Zero X Pro,"Released 2021, September 17","193g, 7.8mm thickness","Android 11, XOS 10","128GB/256GB storage, microSDXC","6.67""",1080x2400 pixels,8 GB RAM,4500 mAh Li-Po,GSM 850 / 900 / 1800 / 1900 - SIM 1 & SIM 2,HSDPA 850 / 900 / 1700(AWS) / 1900 / 2100,"1, 2, 3, 4, 5, 7, 8, 20, 28, 38, 40, 41","HSPA, LTE","2021, September 13","Available. Released 2021, September 17",164.1 x 75.7 x 7.8 mm (6.46 x 2.98 x 0.31 in),193 g (6.81 oz),"Glass front, glass back, plastic frame","Dual SIM (Nano-SIM, dual stand-by)","AMOLED, 120Hz, 700 nits (peak)","6.67 inches, 107.4 cm(~86.5% screen-to-body ratio)","1080 x 2400 pixels, 20:9 ratio (~395 ppi density)","Android 11, XOS 10",Mediatek Helio G95 (12 nm),Octa-core (2x2.05 GHz Cortex-A76 & 6x2.0 GHz Cortex-A55),Mali-G76 MC4,microSDXC (dedicated slot),"128GB 8GB RAM, 256GB 8GB RAM",UFS 2.2,"108 MP, f/1.8, (wide), 1/1.52"", 0.7µm, PDAF, OIS","Quad-LED flash, HDR, panorama","4K@30/60fps, 1080p@30fps","16 MP, (wide), 1/2.76"", 1.12µm",Dual-LED flash,"4K@30fps, 1080p@30/60fps","Wi-Fi 802.11 a/b/g/n, dual-band, Wi-Fi Direct",Yes,GPS,No,FM radio,"USB Type-C 2.0, OTG","Fingerprint (under display, optical), accelerometer, gyro, proximity, compass","Li-Po 4500 mAh, non-removable","Nebula Black, Starry Silver, Tuscany Brown","X6810, X6811, X6811B",,"AnTuTu: 313652 (v8), 363939 (v9)",
https://www.gsmarena.com/infinix_zero_x-11097.php,https://fdn2.gsmarena.com/vv/bigpic/infinix-zero-x-.jpg,Infinix Zero X,"Released 2021, September 17","193g, 7.8mm thickness","Android 11, XOS 7.6","128GB storage, microSDXC","6.67""",1080x2400 pixels,8 GB RAM,4500 mAh Li-Po,GSM 850 / 900 / 1800 / 1900 - SIM 1 & SIM 2,HSDPA 850 / 900 / 1700(AWS) / 1900 / 2100,"1, 2, 3, 4, 5, 7, 8, 20, 28, 38, 40, 41","HSPA, LTE","2021, September 13","Available. Released 2021, September 17",164.1 x 75.7 x 7.8 mm (6.46 x 2.98 x 0.31 in),193 g (6.81 oz),"Glass front, glass back, plastic frame","Dual SIM (Nano-SIM, dual stand-by)","AMOLED, 120Hz, 700 nits (peak)","6.67 inches, 107.4 cm(~86.5% screen-to-body ratio)","1080 x 2400 pixels, 20:9 ratio (~395 ppi density)","Android 11, XOS 7.6",Mediatek Helio G95 (12 nm),Octa-core (2x2.05 GHz Cortex-A76 & 6x2.0 GHz Cortex-A55),Mali-G76 MC4,microSDXC (dedicated slot),128GB 8GB RAM,UFS 2.2,"64 MP, f/1.9, (wide), PDAF, OIS","Quad-LED flash, HDR, panorama","4K@30fps, 1080p@30fps","16 MP, (wide)",Dual-LED flash,1080p@30fps,"Wi-Fi 802.11 a/b/g/n, dual-band, Wi-Fi Direct",Yes,GPS,No,FM radio,"USB Type-C 2.0, OTG","Fingerprint (under display, optical), accelerometer, gyro, proximity, compass","Li-Po 4500 mAh, non-removable","Nebula Black, Starry Silver",About 320 EUR,,,
https://www.gsmarena.com/infinix_zero_x_neo-11098.php,https://fdn2.gsmarena.com/vv/bigpic/infinix-zero-x-neo-.jpg,Infinix Zero X Neo,"Released 2021, October 02",8.8mm thickness,"Android 11, XOS 7.6","128GB storage, microSDXC","6.78""",1080x2460 pixels,8 GB RAM,5000 mAh Li-Po,GSM 850 / 900 / 1800 / 1900 - SIM 1 & SIM 2,HSDPA 850 / 900 / 1700(AWS) / 1900 / 2100,"1, 2, 3, 4, 5, 7, 8, 20, 28, 38, 40, 41","HSPA, LTE","2021, September 13","Available. Released 2021, October 02",168.4 x 76.5 x 8.8 mm (6.63 x 3.01 x 0.35 in),-,"Dual SIM (Nano-SIM, dual stand-by)","IPS LCD, 90Hz","6.78 inches, 109.2 cm(~84.7% screen-to-body ratio)",1080 x 2460 pixels (~396 ppi density),"Android 11, XOS 7.6",Mediatek Helio G95 (12 nm),Octa-core (2x2.05 GHz Cortex-A76 & 6x2.0 GHz Cortex-A55),Mali-G76 MC4,microSDXC (dedicated slot),128GB 8GB RAM,UFS 2.2,"48 MP, f/1.8, 25mm (wide), PDAF","Quad-LED flash, HDR, panorama","4K@30fps, 1080p@30fps","16 MP, (wide)",Dual-LED flash,1080p@30fps,"Wi-Fi 802.11 a/b/g/n, dual-band, Wi-Fi Direct",Yes,GPS,No,FM radio,"USB Type-C 2.0, OTG","Fingerprint (side-mounted), accelerometer, gyro, proximity, compass","Li-Po 5000 mAh, non-removable","Nebula Black, Starry Silver, Bahamas Blue",About 210 EUR,,,,
https://www.gsmarena.com/infinix_hot_10i-11031.php,https://fdn2.gsmarena.com/vv/bigpic/infinix-hot-10i.jpg,Infinix Hot 10i,"Released 2021, May 20",,"Android 11, XOS 7.5","32GB/64GB/128GB storage, microSDXC","6.52""",720x1600 pixels,3-6 GB RAM,6000 mAh Li-Po,GSM 850 / 900 / 1800 / 1900 - SIM 1 & SIM 2,HSDPA 850 / 900 / 1700(AWS) / 1900 / 2100,"1, 2, 3, 4, 5, 7, 8, 20, 28, 38, 40, 41, 66","HSPA 42.2/5.76 Mbps, LTE Cat4 150/50 Mbps","2021, May 20","Available. Released 2021, May 20",-,-,"Dual SIM (Nano-SIM, dual stand-by)","IPS LCD, 500 nits (peak)","6.52 inches, 102.6 cm","720 x 1600 pixels, 20:9 ratio (~269 ppi density)","Android 11, XOS 7.5",Mediatek MT6769V Helio G70 (12 nm),Octa-core (2x2.0 GHz Cortex-A75 & 6x1.7 GHz Cortex-A55),Mali-G52 MC2,microSDXC (dedicated slot),"32GB 3GB RAM, 64GB 2GB RAM, 64GB 4GB RAM, 128GB 6GB RAM",eMMC 5.1,"13 MP, f/1.8, (wide), AF",Quad-LED flash,1440p@30fps,"5 MP, (wide)",Unspecified,"Wi-Fi 802.11 a/b/g/n/ac, dual-band, Wi-Fi Direct",Yes,GPS,No,FM radio,microUSB 2.0,"Fingerprint (rear-mounted), accelerometer, proximity","Li-Po 6000 mAh, non-removable","Black, Purple, Morandi Green, Heart of Ocean","X659B, PR652B, X658E, PR652C, X658B",About 100 EUR,,,,
https://www.gsmarena.com/infinix_note_10_pro_nfc-10908.php,https://fdn2.gsmarena.com/vv/bigpic/infinix-note-10-pro-.jpg,Infinix Note 10 Pro NFC,"Released 2021, June 07",7.8mm thickness,"Android 11, XOS 7.6","128GB/256GB storage, microSDXC","6.95""",1080x2460 pixels,6/8 GB RAM,5000 mAh Li-Po,GSM 850 / 900 / 1800 / 1900 - SIM 1 & SIM 2,HSDPA 850 / 900 / 1700(AWS) / 1900 / 2100,"1, 2, 3, 4, 5, 7, 8, 20, 28, 38, 41, 40, 66","HSPA, LTE","2021, May 12","Available. Released 2021, June 07",172.8 x 78.3 x 7.8 mm (6.80 x 3.08 x 0.31 in),-,"Dual SIM (Nano-SIM, dual stand-by)","IPS LCD, 90Hz","6.95 inches, 114.7 cm(~84.8% screen-to-body ratio)",1080 x 2460 pixels (~387 ppi density),"Android 11, XOS 7.6",Mediatek Helio G95 (12 nm),Octa-core (2x2.05 GHz Cortex-A76 & 6x2.0 GHz Cortex-A55),Mali-G76 MC4,microSDXC (dedicated slot),"128GB 6GB RAM, 256GB 8GB RAM",UFS 2.2,"64 MP, (wide), 1/1.72"", 0.8µm, PDAF","Quad-LED flash, HDR, panorama","4K@30fps, 1080p@30fps","16 MP, (wide)",1080p@30fps,"Wi-Fi 802.11 a/b/g/n/ac, dual-band, Wi-Fi Direct","5.0, A2DP, LE",GPS,Yes,FM radio,"USB Type-C 2.0, OTG","Fingerprint (side-mounted), accelerometer, gyro, proximity, compass","Li-Po 5000 mAh, non-removable","Black, Purple, Nordic Secret",X695C,,,,,
https://www.gsmarena.com/infinix_note_10_pro-10907.php,https://fdn2.gsmarena.com/vv/bigpic/infinix-note-10-pro-.jpg,Infinix Note 10 Pro,"Released 2021, June 07","209g, 7.8mm thickness","Android 11, XOS 7.6","64GB/128GB/256GB storage, microSDXC","6.95""",1080x2460 pixels,6/8 GB RAM,5000 mAh Li-Po,GSM 850 / 900 / 1800 / 1900 - SIM 1 & SIM 2,HSDPA 850 / 900 / 1700(AWS) / 1900 / 2100,"1, 2, 3, 4, 5, 7, 8, 20, 28, 38, 41, 40, 66","HSPA, LTE","2021, May 12","Available. Released 2021, June 07",172.8 x 78.3 x 7.8 mm (6.80 x 3.08 x 0.31 in),209 g (7.37 oz),"Dual SIM (Nano-SIM, dual stand-by)","IPS LCD, 90Hz","6.95 inches, 114.7 cm(~84.8% screen-to-body ratio)",1080 x 2460 pixels (~387 ppi density),"Android 11, XOS 7.6",Mediatek Helio G95 (12 nm),Octa-core (2x2.05 GHz Cortex-A76 & 6x2.0 GHz Cortex-A55),Mali-G76 MC4,microSDXC (dedicated slot),"64GB 6GB RAM, 128GB 8GB RAM, 256GB 8GB RAM",UFS 2.2,"64 MP, (wide), 1/1.72"", 0.8µm, PDAF","Quad-LED flash, HDR, panorama","4K@30fps, 1080p@30fps",16 MP,1080p@30fps,"Wi-Fi 802.11 a/b/g/n/ac, dual-band, Wi-Fi Direct","5.0, A2DP, LE",GPS,No,FM radio,"USB Type-C 2.0, OTG","Fingerprint (side-mounted), accelerometer, gyro, proximity, compass","Li-Po 5000 mAh, non-removable","Black, Purple, Nordic Secret","X695, X695D",0.61 W/kg (head)     0.22 W/kg (body),,,,
https://www.gsmarena.com/infinix_note_10-10909.php,https://fdn2.gsmarena.com/vv/bigpic/infinix-note-10.jpg,Infinix Note 10,"Released 2021, June 07",8.8mm thickness,"Android 11, XOS 7.6","64GB/128GB storage, microSDXC","6.95""",1080x2460 pixels,4/6 GB RAM,5000 mAh Li-Po,GSM 850 / 900 / 1800 / 1900 - SIM 1 & SIM 2,HSDPA 850 / 900 / 1700(AWS) / 1900 / 2100,"1, 2, 3, 4, 5, 7, 8, 20, 28, 38, 41, 40, 66","HSPA, LTE","2021, May 12","Available. Released 2021, June 07",173.2 x 78.7 x 8.8 mm (6.82 x 3.10 x 0.35 in),-,"Glass front, plastic frame, plastic back","Dual SIM (Nano-SIM, dual stand-by)",IPS LCD,"6.95 inches, 114.7 cm(~84.2% screen-to-body ratio)",1080 x 2460 pixels (~387 ppi density),"Android 11, XOS 7.6",Mediatek MT6769Z Helio G85 (12nm),Octa-core (2x2.0 GHz Cortex-A75 & 6x1.8 GHz Cortex-A55),Mali-G52 MC2,microSDXC (dedicated slot),"64GB 4GB RAM, 128GB 4GB RAM, 128GB 6GB RAM","48 MP, PDAF","Quad-LED flash, HDR, panorama","1440p@30fps, 1080p@30fps",16 MP,1080p@30fps,"Wi-Fi 802.11 a/b/g/n/ac, dual-band, Wi-Fi Direct","5.0, A2DP, LE",GPS,No,FM radio,"USB Type-C 2.0, OTG","Fingerprint (side-mounted), accelerometer, proximity, compass","Li-Po 5000 mAh, non-removable","Black, Purple, Emerald Green",X693,,,,,
https://www.gsmarena.com/infinix_hot_10t-10891.php,https://fdn2.gsmarena.com/vv/bigpic/infinix-hot-10t-.jpg,Infinix Hot 10T,"Released 2021, May 04",9.2mm thickness,"Android 11, XOS 7.6","64GB/128GB storage, microSDXC","6.82""",720x1640 pixels,4 GB RAM,5000 mAh Li-Po,GSM 850 / 900 / 1800 / 1900 - SIM 1 & SIM 2,HSDPA 900 / 2100,"1, 3, 7, 8, 20, 28","HSPA 42.2/5.76 Mbps, LTE Cat4 150/50 Mbps","2021, May 04","Available. Released 2021, May 04",171.5 x 77.5 x 9.2 mm (6.75 x 3.05 x 0.36 in),-,"Glass front, plastic back, plastic frame","Dual SIM (Nano-SIM, dual stand-by)",IPS LCD,"6.82 inches, 110.5 cm(~83.1% screen-to-body ratio)",720 x 1640 pixels (~263 ppi density),"Android 11, XOS 7.6",Mediatek Helio G70 (12 nm),Octa-core (2x2.0 GHz Cortex-A75 & 6x1.7 GHz Cortex-A55),Mali-G52 2EEMC2,microSDXC (dedicated slot),"64GB 4GB RAM, 128GB 4GB RAM",eMMC 5.1,"48 MP, (wide), PDAF","Quad-LED flash, HDR, panorama",1080p@30fps,"8 MP, (wide)",Dual-LED flash,1080p@30fps,"Wi-Fi 802.11 a/b/g/n/ac, dual-band, Wi-Fi Direct","5.0, A2DP, LE",GPS,No,FM radio,"microUSB 2.0, OTG","Fingerprint (rear-mounted), accelerometer, proximity, compass","Li-Po 5000 mAh, non-removable","Black, Purple, Morandi Green, Heart of Ocean",X689C,About 140 EUR,,
https://www.gsmarena.com/infinix_hot_10s_nfc-10869.php,https://fdn2.gsmarena.com/vv/bigpic/infinix-hot-10s--.jpg,Infinix Hot 10s NFC,"Released 2021, May 12",9.2mm thickness,"Android 11, XOS 7.6","64GB/128GB storage, microSDXC","6.82""",720x1640 pixels,4 GB RAM,5000 mAh Li-Po,GSM 850 / 900 / 1800 / 1900 - SIM 1 & SIM 2,HSDPA 850 / 900 / 2100,"1, 3, 5, 8, 38, 40, 41","HSPA 42.2/5.76 Mbps, LTE Cat4 150/50 Mbps","2021, April 21","Available. Released 2021, May 12",171.5 x 77.5 x 9.2 mm (6.75 x 3.05 x 0.36 in),-,"Glass front, plastic back, plastic frame","Dual SIM (Nano-SIM, dual stand-by)","IPS LCD, 90Hz","6.82 inches, 110.5 cm(~83.1% screen-to-body ratio)",720 x 1640 pixels (~263 ppi density),"Android 11, XOS 7.6",Mediatek MT6769Z Helio G85 (12nm),Octa-core (2x2.0 GHz Cortex-A75 & 6x1.8 GHz Cortex-A55),Mali-G52 MC2,microSDXC (dedicated slot),"64GB 4GB RAM, 128GB 4GB RAM",eMMC 5.1,"48 MP, f/1.8, (wide), 1/2.0, 0.8µm, PDAF","Quad-LED flash, HDR, panorama",1080p@30fps,"8 MP, (wide)",Dual-LED flash,1080p@30fps,"Wi-Fi 802.11 a/b/g/n/ac, dual-band, Wi-Fi Direct","5.0, A2DP, LE",GPS,NFC,FM radio,"microUSB 2.0, OTG","Fingerprint (rear-mounted), accelerometer, proximity","Li-Po 5000 mAh, non-removable","Black, Purple, Morandi Green, Heart of Ocean",About 110 EUR,,,
https://www.gsmarena.com/infinix_hot_10s-10868.php,https://fdn2.gsmarena.com/vv/bigpic/infinix-hot-10s--.jpg,Infinix Hot 10s,"Released 2021, May 12",9.2mm thickness,"Android 11, XOS 7.6","64GB/128GB storage, microSDXC","6.82""",720x1640 pixels,4/6 GB RAM,6000 mAh Li-Po,GSM 850 / 900 / 1800 / 1900 - SIM 1 & SIM 2,HSDPA 850 / 900 / 2100,"1, 3, 5, 8, 38, 40, 41","HSPA 42.2/5.76 Mbps, LTE Cat4 150/50 Mbps","2021, April 21","Available. Released 2021, May 12",171.5 x 77.5 x 9.2 mm (6.75 x 3.05 x 0.36 in),-,"Glass front, plastic back, plastic frame","Dual SIM (Nano-SIM, dual stand-by)","IPS LCD, 90Hz","6.82 inches, 110.5 cm(~83.1% screen-to-body ratio)",720 x 1640 pixels (~263 ppi density),"Android 11, XOS 7.6",Mediatek MT6769Z Helio G85 (12nm),Octa-core (2x2.0 GHz Cortex-A75 & 6x1.8 GHz Cortex-A55),Mali-G52 MC2,microSDXC (dedicated slot),"64GB 4GB RAM, 64GB 6GB RAM, 128GB 4GB RAM, 128GB 6GB RAM",eMMC 5.1,"48 MP, f/1.8, (wide), 1/2.0, 0.8µm, PDAF","Quad-LED flash, HDR, panorama",1080p@30fps,"8 MP, (wide)",Dual-LED flash,1080p@30fps,"Wi-Fi 802.11 a/b/g/n/ac, dual-band, Wi-Fi Direct","5.0, A2DP, LE",GPS,No,FM radio,"microUSB 2.0, OTG","Fingerprint (rear-mounted), accelerometer, proximity","Li-Po 6000 mAh, non-removable","Black, Purple, Morandi Green, Heart of Ocean","X689B, X689, X689D",,,
https://www.gsmarena.com/infinix_smart_5_(india)-10735.php,https://fdn2.gsmarena.com/vv/bigpic/infinix-hot10-play.jpg,Infinix Smart 5 (India),"Released 2021, February 18","207g, 8.9mm thickness","Android 10, XOS 7","32GB storage, microSDXC","6.82""",720x1640 pixels,2 GB RAM,6000 mAh Li-Po,GSM 850 / 900 / 1800 / 1900 - SIM 1 & SIM 2,HSDPA 850 / 900 / 2100,"1, 3, 5, 8, 38, 40, 41","HSPA, LTE","2021, February 11","Available. Released 2021, February 18",171.8 x 78 x 8.9 mm (6.76 x 3.07 x 0.35 in),207 g (7.30 oz),"Glass front, plastic back, plastic frame","Dual SIM (Nano-SIM, dual stand-by)","IPS LCD, 440 nits (typ)","6.82 inches, 110.5 cm(~82.4% screen-to-body ratio)",720 x 1640 pixels (~263 ppi density),"Android 10 (Go edition), XOS 7",Mediatek MT6762G Helio G25 (12 nm),Octa-core (4x2.0 GHz Cortex-A53 & 4x1.5 GHz Cortex-A53),PowerVR GE8320,microSDXC (dedicated slot),32GB 2GB RAM,eMMC 5.1,"13 MP, f/1.8, (wide), 1/3.1"", 1.12µm, AF","Quad-LED flash, panorama, HDR",1080p@30fps,"8 MP, f/2.0, (wide)",LED flash,1080p@30fps,"Wi-Fi 802.11 a/b/g/n, Wi-Fi Direct","5.0, A2DP, LE",GPS,No,FM radio,microUSB 2.0,"Fingerprint (rear-mounted), accelerometer, gyro, proximity, compass","Li-Po 6000 mAh, non-removable","Aegean Blue, Morandi Green, Obsidian Black, Purple",X688C,0.25 W/kg (head)     0.56 W/kg (body),About 80 EUR,
https://www.gsmarena.com/infinix_hot_10_play-10699.php,https://fdn2.gsmarena.com/vv/bigpic/infinix-hot10-play.jpg,Infinix Hot 10 Play,"Released 2021, January 21","207g, 8.9mm thickness","Android 10, XOS 7","32GB/64GB storage, microSDXC","6.82""",720x1640 pixels,2/4 GB RAM,6000 mAh Li-Po,GSM 850 / 900 / 1800 / 1900 - SIM 1 & SIM 2,HSDPA 850 / 900 / 2100,"1, 3, 5, 8, 38, 40, 41","HSPA, LTE","2021, January 21","Available. Released 2021, January 21",171.8 x 78 x 8.9 mm (6.76 x 3.07 x 0.35 in),207 g (7.30 oz),"Glass front, plastic back, plastic frame","Dual SIM (Nano-SIM, dual stand-by)","IPS LCD, 440 nits (typ)","6.82 inches, 110.5 cm(~82.4% screen-to-body ratio)",720 x 1640 pixels (~263 ppi density),"Android 10 (Go edition), XOS 7",Mediatek MT6762G Helio G25 (12 nm),Octa-core (4x2.0 GHz Cortex-A53 & 4x1.5 GHz Cortex-A53),PowerVR GE8320,microSDXC (dedicated slot),"32GB 2GB RAM, 64GB 4GB RAM",eMMC 5.1,"13 MP, f/1.8, (wide), 1/3.1"", 1.12µm, AF","Quad-LED flash, panorama, HDR",1080p@30fps,"8 MP, f/2.0, (wide)",LED flash,1080p@30fps,"Wi-Fi 802.11 a/b/g/n/ac, dual-band, Wi-Fi Direct","5.0, A2DP, LE",GPS,No,FM radio,"microUSB 2.0, OTG","Fingerprint (rear-mounted), accelerometer, proximity, compass","Li-Po 6000 mAh, non-removable","Aegean Blue, Morandi Green, Obsidian Black, Purple","X688C, X688B",,,
