Link,Image,Name,Release date,Weight,OS,Storage,Screen_size,Screen_resolution,RAM,Battery,net2g,net3g,net4g,speed,year,status,dimensions,weight,sim,displaytype,displaysize,displayresolution,os,chipset,cpu,gpu,memoryslot,internalmemory,memoryother,cam1modules,cam1features,cam1video,cam2modules,cam2features,cam2video,wlan,bluetooth,gps,nfc,radio,usb,sensors,batdescription1,colors,models,price,,,,,
https://www.gsmarena.com/asus_zenfone_4_selfie_zb553kl-8862.php,https://fdn2.gsmarena.com/vv/bigpic/asus-zenfone-4-selfie-zb553kl.jpg,Asus Zenfone 4 Selfie ZB553KL,"Released 2017, November","144g, 7.9mm thickness","Android 7.0, up to Android 8.1, ZenUI 5","32GB storage, microSDXC","5.5""",720x1280 pixels,3 GB RAM,3000 mAh Li-Ion,GSM 850 / 900 / 1800 / 1900 - SIM 1 & SIM 2,HSDPA 850 / 900 / 2100,"1, 3, 5, 7, 8, 20, 40","HSPA 42.2/5.76 Mbps, LTE Cat4 150/50 Mbps","2017, September","Available. Released 2017, November",155.7 x 75.9 x 7.9 mm (6.13 x 2.99 x 0.31 in),144 g (5.08 oz),"Dual SIM (Nano-SIM, dual stand-by)",IPS LCD,"5.5 inches, 83.4 cm(~70.6% screen-to-body ratio)","720 x 1280 pixels, 16:9 ratio (~267 ppi density)","Android 7.0 (Nougat), upgradable to Android 8.1 (Oreo), ZenUI 5",Qualcomm MSM8937 Snapdragon 430 (28 nm),Octa-core 1.4 GHz Cortex-A53,Adreno 505,microSDXC (dedicated slot),32GB 3GB RAM,eMMC 5.1,"13 MP, PDAF","LED flash, panorama, HDR",1080p@30fps,"13 MP, f/2.0",LED flash,,"Wi-Fi 802.11 b/g/n, Wi-Fi Direct","4.1, A2DP, EDR, LE","GPS, GLONASS, BDS",No,FM radio,"microUSB 2.0, OTG","Fingerprint (front-mounted), accelerometer, gyro, proximity, compass","Li-Ion 3000 mAh, non-removable","Deepsea Black, Rose Pink, Sunlight Gold",X00LDB,About 150 EUR,,,,,
https://www.gsmarena.com/asus_zenfone_4_selfie_pro_zd552kl-8808.php,https://fdn2.gsmarena.com/vv/bigpic/asus-zenfone-4-selfie-pro-zd552kl.jpg,Asus Zenfone 4 Selfie Pro ZD552KL,"Released 2017, October","147g, 6.9mm thickness","Android 7, ZenUI 4","64GB storage, microSDXC","5.5""",1080x1920 pixels,3/4 GB RAM,3000 mAh Li-Ion,GSM 850 / 900 / 1800 / 1900 - SIM 1 & SIM 2,HSDPA 850 / 900 / 2100 - Global,"1, 3, 5, 7, 8, 20, 40 - Global","HSPA 42.2/5.76 Mbps, LTE Cat4 150/50 MbpsLTE-A (2CA) Cat6 300/50 Mbps - TW/JP/HK","2017, August","Available. Released 2017, October",154 x 74.8 x 6.9 mm (6.06 x 2.94 x 0.27 in),147 g (5.19 oz),"Hybrid Dual SIM (Nano-SIM, dual stand-by)",AMOLED,"5.5 inches, 83.4 cm(~72.4% screen-to-body ratio)","1080 x 1920 pixels, 16:9 ratio (~401 ppi density)",Corning Gorilla Glass 5,"Android 7 (Nougat), ZenUI 4",Qualcomm MSM8953 Snapdragon 625 (14 nm),Octa-core 2.0 GHz Cortex-A53,Adreno 506,microSDXC (uses shared SIM slot),"64GB 3GB RAM, 64GB 4GB RAM",eMMC 5.1,"16 MP, 26mm (wide), dual pixel PDAF","Dual-LED dual-tone flash, HDR, panorama","4K@30fps, 1080p@30/60fps, 720p@120fps","12 MP, f/1.8, 25mm (wide), 1/2.55"", 1.4µm","LED flash, panorama, HDR",4K@30fps,24-bit/192kHz audio,"Wi-Fi 802.11 b/g/n, Wi-Fi Direct","4.2, A2DP, EDR, LE","GPS, GLONASS, BDS, GALILEO",No,FM radio,microUSB 2.0,"Fingerprint (front-mounted), accelerometer, gyro, proximity, compass","Li-Ion 3000 mAh, non-removable","Rouge Red, Sunlight Gold, Deepsea Black","Z01MD, Z01MDA",About 250 EUR,,,
https://www.gsmarena.com/asus_zenfone_4_selfie_zd553kl-8784.php,https://fdn2.gsmarena.com/vv/bigpic/asus-zenfone-4-selfie-zd553kl.jpg,Asus Zenfone 4 Selfie ZD553KL,"Released 2017, October","144g, 7.9mm thickness","Android 7.0, up to Android 8.1, ZenUI 5","64GB storage, microSDXC","5.5""",720x1280 pixels,4 GB RAM,3000 mAh Li-Ion,GSM 850 / 900 / 1800 / 1900 - SIM 1 & SIM 2,"HSDPA 850 / 900 / 2100 - Global, India, Indonesia","1, 3, 5, 7, 8, 20, 40 - Global, India, Indonesia","HSPA 42.2/5.76 Mbps, LTE Cat4 150/50 Mbps","2017, August","Available. Released 2017, October",155.7 x 75.9 x 7.9 mm (6.13 x 2.99 x 0.31 in),144 g (5.08 oz),"Glass front, aluminum back, aluminum frame","Dual SIM (Nano-SIM, dual stand-by)",IPS LCD,"5.5 inches, 83.4 cm(~70.6% screen-to-body ratio)","720 x 1280 pixels, 16:9 ratio (~267 ppi density)","Android 7.0 (Nougat), upgradable to Android 8.1 (Oreo), ZenUI 5",Qualcomm MSM8937 Snapdragon 430 (28 nm),Octa-core 1.4 GHz Cortex-A53,Adreno 505,microSDXC (dedicated slot),64GB 4GB RAM,eMMC 5.1,"16 MP, 26mm (wide), PDAF","LED flash, panorama, HDR",1080p@30fps,"20 MP, f/2.0, 31mm (standard), 1/2.8"", 1.0µm","LED flash, panorama, HDR",,"Wi-Fi 802.11 b/g/n, Wi-Fi Direct","4.1, A2DP, EDR, LE","GPS, GLONASS, BDS, GALILEO",No,FM radio,"microUSB 2.0, OTG","Fingerprint (front-mounted), accelerometer, gyro, proximity, compass","Li-Ion 3000 mAh, non-removable","Deepsea Black, Mint Green, Rose Pink, Sunlight Gold",X00LD,About 250 EUR,,,,
https://www.gsmarena.com/asus_zenfone_4_max_zc520kl-8811.php,https://fdn2.gsmarena.com/vv/bigpic/asus-ZC520KL.jpg,Asus Zenfone 4 Max ZC520KL,"Released 2017, October","156g, 8.8mm thickness","Android 7, up to Android 8, ZenUI 4","16GB/32GB storage, microSDXC","5.2""",720x1280 pixels,2/3 GB RAM,4100 mAh Li-Po,GSM 850 / 900 / 1800 / 1900 - SIM 1 & SIM 2,HSDPA 850 / 900 / 2100,"1, 3, 5, 7, 8, 20, 40","HSPA 42.2/5.76 Mbps, LTE Cat4 150/50 Mbps","2017, August","Available. Released 2017, October",150.5 x 73.3 x 8.8 mm (5.93 x 2.89 x 0.35 in),156 g (5.50 oz),"Dual SIM (Micro-SIM/Nano-SIM, dual stand-by)",IPS LCD,"5.2 inches, 74.5 cm(~67.6% screen-to-body ratio)","720 x 1280 pixels, 16:9 ratio (~282 ppi density)","Android 7 (Nougat), upgradable to Android 8 (Oreo), ZenUI 4",Qualcomm MSM8917 Snapdragon 425 (28 nm),Quad-core 1.4 GHz Cortex-A53,Adreno 308,microSDXC (dedicated slot),"16GB 2GB RAM, 32GB 3GB RAM",eMMC 5.1,"13 MP, AF","LED flash, HDR, panorama",1080p@30fps,8 MP,LED flash,1080p@30fps,"Wi-Fi 802.11 b/g/n, Wi-Fi Direct","4.1, A2DP, LE","GPS, GLONASS",No,FM radio,"microUSB 2.0, OTG","Fingerprint (front-mounted), accelerometer, gyro, proximity, compass","Li-Po 4100 mAh, non-removable","Black, Gold, Silver",X00HD,About 180 EUR,,,,,
https://www.gsmarena.com/asus_zenfone_4_max_pro_zc554kl-8814.php,https://fdn2.gsmarena.com/vv/bigpic/asus-zenfone-4-max-zc554kl.jpg,Asus Zenfone 4 Max Pro ZC554KL,"Released 2017, September","181g, 8.9mm thickness","Android 7, ZenUI 4","32GB storage, microSDXC","5.5""",720x1280 pixels,2/3 GB RAM,5000 mAh Li-Po,GSM 850 / 900 / 1800 / 1900 - SIM 1 & SIM 2,"HSDPA 850 / 900 / 2100 - Global, India, Indonesia","1, 3, 5, 7, 8, 20, 40 - Global, India, Indonesia","HSPA 42.2/5.76 Mbps, LTE Cat4 150/50 Mbps","2017, August","Available. Released 2017, September",154 x 76.9 x 8.9 mm (6.06 x 3.03 x 0.35 in),181 g (6.38 oz),"Glass front, aluminum back, aluminum frame","Dual SIM (Nano-SIM, dual stand-by)",IPS LCD,"5.5 inches, 83.4 cm(~70.4% screen-to-body ratio)","720 x 1280 pixels, 16:9 ratio (~267 ppi density)","Android 7 (Nougat), ZenUI 4",Qualcomm MSM8917 Snapdragon 425 (28 nm)Qualcomm MSM8937 Snapdragon 430 (28 nm),Quad-core 1.4 GHz Cortex-A53Octa-core 1.4 GHz Cortex-A53,Adreno 308Adreno 505,microSDXC (dedicated slot),"32GB 2GB RAM, 32GB 3GB RAM",eMMC 5.1,"16 MP, f/2.0, 26mm (wide), PDAF","LED flash, HDR, panorama",1080p@30fps,"16 MP, f/2.0, 18mm (ultrawide), 1/3.06"", 1.0µm",LED,,"Wi-Fi 802.11 b/g/n, Wi-Fi Direct","4.1, A2DP, LE","GPS, GLONASS, BDS, GALILEO",No,No,"microUSB 2.0, OTG","Fingerprint (front-mounted), accelerometer, gyro, proximity, compass","Li-Po 5000 mAh, non-removable",Up to 1104 h (3G),Up to 40 h (3G),"Deepsea Black, Sunlight Gold, Rose Pink",About 250 EUR,,,
https://www.gsmarena.com/asus_zenfone_4_max_plus_zc554kl-8810.php,https://fdn2.gsmarena.com/vv/bigpic/asus-zenfone-4-max-zc554kl.jpg,Asus Zenfone 4 Max Plus ZC554KL,"Released 2017, September","181g, 8.9mm thickness","Android 7, ZenUI 4","32GB storage, microSDXC","5.5""",720x1280 pixels,3 GB RAM,5000 mAh Li-Po,GSM 850 / 900 / 1800 / 1900 - SIM 1 & SIM 2,HSDPA 850 / 900 / 2100,"1, 3, 5, 7, 8, 20, 40","HSPA 42.2/5.76 Mbps, LTE Cat4 150/50 Mbps","2017, August","Available. Released 2017, September",154 x 76.9 x 8.9 mm (6.06 x 3.03 x 0.35 in),181 g (6.38 oz),"Dual SIM (Micro-SIM/Nano-SIM, dual stand-by)",IPS LCD,"5.5 inches, 83.4 cm(~70.4% screen-to-body ratio)","720 x 1280 pixels, 16:9 ratio (~267 ppi density)","Android 7 (Nougat), ZenUI 4",Qualcomm MSM8917 Snapdragon 425 (28 nm),Quad-core 1.4 GHz Cortex-A53,Adreno 308,microSDXC (dedicated slot),32GB 3GB RAM,eMMC 5.1,"13 MP, AF","LED flash, HDR, panorama",1080p@30fps,8 MP,LED,,"Wi-Fi 802.11 b/g/n, Wi-Fi Direct","4.1, A2DP, LE","GPS, GLONASS",No,No,"microUSB 2.0, OTG","Fingerprint (front-mounted), accelerometer, gyro, proximity, compass","Li-Po 5000 mAh, non-removable","Deepsea Black, Sunlight Gold, Rose Pink","ZC550TL, ZC554KL, X015D",About 220 EUR,,,,,
https://www.gsmarena.com/asus_zenfone_4_max_zc554kl-8749.php,https://fdn2.gsmarena.com/vv/bigpic/asus-zenfone-4-max-zc554kl.jpg,Asus Zenfone 4 Max ZC554KL,"Released 2017, September","181g, 8.9mm thickness","Android 7, ZenUI 4","32GB storage, microSDXC","5.5""",720x1280 pixels,3 GB RAM,5000 mAh Li-Po,GSM 850 / 900 / 1800 / 1900 - SIM 1 & SIM 2,HSDPA 850 / 900 / 1900 / 2100,"1, 3, 5, 7, 8, 20, 40","HSPA 42.2/5.76 Mbps, LTE Cat4 150/50 Mbps","2017, July","Available. Released 2017, September",154 x 76.9 x 8.9 mm (6.06 x 3.03 x 0.35 in),181 g (6.38 oz),"Glass front (Gorilla Glass), aluminum back, aluminum frame","Dual SIM (Nano-SIM, dual stand-by)",S-IPS LCD,"5.5 inches, 83.4 cm(~70.4% screen-to-body ratio)","720 x 1280 pixels, 16:9 ratio (~267 ppi density)",Corning Gorilla Glass (unspecified version),"Android 7 (Nougat), ZenUI 4",Qualcomm MSM8937 Snapdragon 430 (28 nm),Octa-core 1.4 GHz Cortex-A53,Adreno 505,microSDXC (dedicated slot),32GB 3GB RAM,eMMC 5.1,"13 MP, f/2.0, 25mm (wide), AF","LED flash, HDR, panorama",1080p@30fps,"8 MP, f/2.2, 24mm (wide)",LED flash,,"Wi-Fi 802.11 b/g/n, Wi-Fi Direct","4.1, A2DP, LE","GPS, GLONASS, BDS",No,FM radio,"microUSB 2.0, OTG","Fingerprint (front-mounted), accelerometer, gyro, proximity, compass","Li-Po 5000 mAh, non-removable","Titanium Gray, Rose Pink, Sand Gold, Deepsea Black","X00ID, X00IS, X00HDA, ZC554KL",About 270 EUR,,,
https://www.gsmarena.com/asus_zenpad_z8s_zt582kl-8801.php,https://fdn2.gsmarena.com/vv/bigpic/asus-zenpad-z8s-zt582kl.jpg,Asus Zenpad Z8s ZT582KL,"Released 2017, August","306g, 6.9mm thickness",Android 7.0,"16GB storage, microSDXC","7.9""",1536x2048 pixels,3 GB RAM,4680 mAh Li-Po,GSM 850 / 900 / 1800 / 1900,HSDPA,"2, 4, 5, 13","HSPA 42.2/5.76 Mbps, LTE Cat4 150/50 Mbps",Yes,Yes,"2017, August","Available. Released 2017, August",204 x 133.9 x 6.9 mm (8.03 x 5.27 x 0.27 in),306 g (10.79 oz),"Glass front, aluminum back, aluminum frame",Nano-SIM,S-IPS LCD,"7.9 inches, 193.3 cm(~70.8% screen-to-body ratio)","1536 x 2048 pixels, 4:3 ratio (~324 ppi density)",Android 7.0 (Nougat),Qualcomm MSM8976 Snapdragon 652 (28 nm),Octa-core (4x1.8 GHz Cortex-A72 & 4x1.2 GHz Cortex-A53),Adreno 510,microSDXC (dedicated slot),16GB 3GB RAM,eMMC 5.1,"13 MP, f/2.0, AF",1080p@30fps,5 MP,,"Wi-Fi 802.11 a/b/g/n/ac, dual-band, Wi-Fi Direct","4.2, A2DP, LE, aptX","GPS, GLONASS",No,No,USB Type-C,"Accelerometer, gyro, proximity, compass","Li-Po 4680 mAh, non-removable (18 Wh)",Black,1.19 W/kg (body),About 210 EUR,,,,
https://www.gsmarena.com/asus_zenpad_3s_8_0_z582kl-8711.php,https://fdn2.gsmarena.com/vv/bigpic/asus-zenpad-3-80-z581kl-.jpg,Asus Zenpad 3s 8.0 Z582KL,"Released 2017, November",6.9mm thickness,Android 7.1,"32GB/64GB storage, microSDXC","7.9""",1536x2048 pixels,3/4 GB RAM,4680 mAh Li-Ion,GSM 850 / 900 / 1800 / 1900,HSDPA 850 / 900 / 2100,LTE (unspecified),"HSPA 42.2/5.76 Mbps, LTE-A (2CA) Cat6 300/50 Mbps","2017, May","Available. Released 2017, November",6.9 mm thickness,-,Micro-SIM,IPS LCD,"7.9 inches, 193.3 cm","1536 x 2048 pixels, 4:3 ratio (~324 ppi density)",Android 7.1 (Nougat),Qualcomm MSM8976 Snapdragon 652 (28 nm),Octa-core (4x1.8 GHz Cortex-A72 & 4x1.4 GHz Cortex-A53),Adreno 510,microSDXC (dedicated slot),"32GB 3GB RAM, 64GB 4GB RAM",eMMC 5.1,"13 MP, f/2.0, AF",1080p@30fps,5 MP,,24-bit/192kHz audio,"Wi-Fi 802.11 a/b/g/n/ac, dual-band, Wi-Fi Direct","4.1, A2DP, LE, aptX","GPS, GLONASS",No,No,USB Type-C,"Accelerometer, gyro, proximity, compass","Li-Ion 4680 mAh, non-removable (18 Wh)",Black,About 250 EUR,,,,,,,
https://www.gsmarena.com/asus_zenfone_go_zb552kl-8681.php,https://fdn2.gsmarena.com/vv/bigpic/asus-zenfone-go-zb551kl.jpg,Asus Zenfone Go ZB552KL,"Released 2017, May","168g, 10.9mm thickness","Android 6, ZenUI 3","16GB/32GB storage, microSDXC","5.5""",720x1280 pixels,2 GB RAM,3000 mAh Li-Ion,GSM 850 / 900 / 1800 / 1900 - SIM 1 & SIM 2,HSDPA 850 / 900 / 1900 / 2100 - Global,"1, 2, 3, 5, 7, 8, 20 - Global","HSPA 42.2/5.76 Mbps, LTE Cat4 150/50 Mbps","2017, May","Available. Released 2017, May",153.4 x 76.4 x 10.9 mm (6.04 x 3.01 x 0.43 in),168 g (5.93 oz),"Dual SIM (Micro-SIM, dual stand-by)",IPS LCD,"5.5 inches, 83.4 cm(~71.2% screen-to-body ratio)","720 x 1280 pixels, 16:9 ratio (~267 ppi density)","Android 6 (Marshmallow), ZenUI 3",Qualcomm MSM8916 Snapdragon 410 (28 nm),Quad-core 1.2 GHz Cortex-A53,Adreno 306,microSDXC (dedicated slot),"16GB 2GB RAM, 32GB 2GB RAM",eMMC 4.5,"13 MP, f/2.0, AF","Dual-LED dual-tone flash, HDR, panorama",1080p@30fps,"5 MP, f/2.0, AF",,"Wi-Fi 802.11 b/g/n, Wi-Fi Direct","4.0, A2DP, EDR","GPS, GLONASS, BDS",No,FM radio,microUSB 2.0,"Accelerometer, proximity, compass","Li-Ion 3000 mAh, non-removable",Up to 480 h (3G),Up to 16 h (3G),"Charcoal Black, Pearl White, Glamor Red, Sheer Gold, Glacier Gray, Silver Blue",X007D,About 120 EUR,,,,
https://www.gsmarena.com/asus_zenfone_live_zb501kl-8579.php,https://fdn2.gsmarena.com/vv/bigpic/asus-zenfone-live-zb501kl.jpg,Asus Zenfone Live ZB501KL,"Released 2017, March","120g, 8mm thickness","Android 6.0, ZenUI 3.5","16GB/32GB storage, microSDXC","5.0""",720x1280 pixels,2 GB RAM,2650 mAh Li-Ion,GSM 850 / 900 / 1800 / 1900 - SIM 1 & SIM 2,HSDPA 900 / 1900 / 2100,"1, 3, 7, 8, 20","HSPA 42.2/5.76 Mbps, LTE Cat4 150/50 Mbps","2017, February","Available. Released 2017, March",141.2 x 71.7 x 8 mm (5.56 x 2.82 x 0.31 in),120 g (4.23 oz),"Glass front, aluminum back, aluminum frame","Hybrid Dual SIM (Nano-SIM, dual stand-by)",IPS LCD,"5.0 inches, 68.9 cm(~68.1% screen-to-body ratio)","720 x 1280 pixels, 16:9 ratio (~294 ppi density)","Android 6.0 (Marshmallow), ZenUI 3.5",Qualcomm MSM8916 Snapdragon 410 (28 nm),Quad-core 1.2 GHz Cortex-A53,Adreno 306,microSDXC (uses shared SIM slot),"16GB 2GB RAM, 32GB 2GB RAM",eMMC 4.5,"13 MP, f/2.0, AF","LED flash, panorama",1080p@30fps,"5 MP, f/2.2, 1.4µm, AF",LED falsh,,"Wi-Fi 802.11 b/g/n, Wi-Fi Direct","4.0, A2DP","GPS, GLONASS",No,FM radio,"microUSB 2.0, OTG","Accelerometer, proximity, compass","Li-Ion 2650 mAh, non-removable","Shimmer Gold/Rose, Pink/Navy Black",A007,About 150 EUR,,,,
https://www.gsmarena.com/asus_zenfone_3s_max_zc521tl-8550.php,https://fdn2.gsmarena.com/vv/bigpic/asus-zenfone-3s-max-zc-521tl.jpg,Asus Zenfone 3s Max ZC521TL,"Released 2017, February","175g, 8.9mm thickness","Android 7, ZenUI 3","32GB storage, microSDXC","5.2""",720x1280 pixels,3 GB RAM,5000 mAh Li-Po,GSM 850 / 900 / 1800 / 1900 - SIM 1 & SIM 2,HSDPA 850 / 900 / 1900 / 2100 - Global,"1, 2, 3, 4, 5, 7, 8, 18, 19, 26, 28, 38, 41 - Taiwan","HSPA 42.2/5.76 Mbps, LTE Cat4 150/50 Mbps","2017, January","Available. Released 2017, February",149.5 x 73.7 x 8.9 mm (5.89 x 2.90 x 0.35 in),175 g (5.22 oz),"Hybrid Dual SIM (Micro-SIM/Nano-SIM, dual stand-by)",IPS LCD,"5.2 inches, 74.5 cm(~67.7% screen-to-body ratio)","720 x 1280 pixels, 16:9 ratio (~282 ppi density)","Android 7 (Nougat), ZenUI 3",Mediatek MT6750 (28 nm),Octa-core (4x1.5 GHz Cortex-A53 & 4x1.0 GHz Cortex-A53),Mali-T860MP2,microSDXC (uses shared SIM slot),32GB 3GB RAM,eMMC 5.1,"13 MP, f/2.0, AF","Dual-LED dual-tone flash, panorama, HDR",1080p@30fps,8 MP,1080p@30fps,"Wi-Fi 802.11 a/b/g/n/ac, dual-band, Wi-Fi Direct","4.0, A2DP, EDR","GPS, GLONASS, BDS",No,FM radio,"microUSB 2.0, OTG","Fingerprint (front-mounted), accelerometer, gyro, proximity, compass","Li-Po 5000 mAh, non-removable",Up to 816 h (3G),Up to 28 h (3G),"Gold, Black",X00GD,About 180 EUR,GFXBench: 4.3fps (ES 3.1 onscreen),,,
https://www.gsmarena.com/asus_zenpad_3s_10_z500kl-8543.php,https://fdn2.gsmarena.com/vv/bigpic/asus-zenpad-3s.jpg,Asus Zenpad 3S 10 Z500KL,"Released 2017, January","490g, 6.8mm thickness",Android 6.0,"32GB storage, microSDXC","9.7""",1536x2048 pixels,4 GB RAM,7800 mAh Li-Po,GSM 850 / 900 / 1800 / 1900 - SIM 1 & SIM 2 (dual-SIM model only),HSDPA 850 / 900 / 2100,"1, 3, 5, 7, 8, 9, 18, 19, 20, 26, 28, 38, 40","HSPA, LTE","2017, January","Available. Released 2017, January",242.3 x 164.2 x 6.8 mm (9.54 x 6.46 x 0.27 in),490 g (1.08 lb),"Hybrid Dual SIM (Nano-SIM, dual stand-by)",IPS LCD,"9.7 inches, 291.4 cm(~73.2% screen-to-body ratio)","1536 x 2048 pixels, 4:3 ratio (~264 ppi density)",Oleophobic coating,Android 6.0 (Marshmallow),Qualcomm MSM8956 Snapdragon 650,Hexa-core (4x1.4 GHz Cortex-A53 & 2x1.8 GHz Cortex-A72),Adreno 510,microSDXC (uses shared SIM slot),32GB 4GB RAM,eMMC 4.5,"8 MP, AF","HDR, panorama",1080p@30fps,5 MP,1080p@30fps,24-bit/192kHz audio,"Wi-Fi 802.11 a/b/g/n/ac, dual-band, Wi-Fi Direct","4.1, A2DP, LE, EDR, aptX","GPS, GLONASS",No,No,USB Type-C 2.0,"Accelerometer, gyro, proximity, compass","Li-Po 7800 mAh, non-removable (30 Wh)",Up to 16 h (multimedia),"Silver, Grey",About 350 EUR,,,,
https://www.gsmarena.com/asus_zenfone_ar_zs571kl-8502.php,https://fdn2.gsmarena.com/vv/bigpic/asus-zenfone-ar-.jpg,Asus Zenfone AR ZS571KL,"Released 2017, June","170g, 9mm thickness","Android 7, ZenUI 3","64GB/128GB/256GB storage, microSDXC","5.7""",1440x2560 pixels,6/8 GB RAM,3300 mAh Li-Ion,GSM 850 / 900 / 1800 / 1900 - SIM 1 & SIM 2,HSDPA 850 / 900 / 1900 / 2100 - Global,"1, 3, 5, 7, 8, 18, 19, 20, 26, 28, 38, 40, 41 - Global","HSPA 42.2/5.76 Mbps, LTE-A (3CA) Cat12 600/75 Mbps","2017, January","Available. Released 2017, June",158.7 x 77.7 x 9 mm (6.25 x 3.06 x 0.35 in),170 g (6.00 oz),"Hybrid Dual SIM (Nano-SIM, dual stand-by)",Super AMOLED,"5.7 inches, 89.6 cm(~72.6% screen-to-body ratio)","1440 x 2560 pixels, 16:9 ratio (~515 ppi density)",Corning Gorilla Glass 4,"Android 7 (Nougat), ZenUI 3",Qualcomm MSM8996 Snapdragon 821 (14 nm),Quad-core (2x2.35 GHz Kryo & 2x1.6 GHz Kryo),Adreno 530,microSDXC (uses shared SIM slot),"64GB 6GB RAM, 128GB 6GB RAM, 256GB 8GB RAM","23 MP, f/2.0, 1/2.6"", 1.0µm, PDAF, 4-axis OIS, depth & motion tracking sensors","Dual-LED dual-tone flash, HDR, panorama","4K@24fps, 1080p@30fps","8 MP, f/2.0",1080p@30fps,24-bit/192kHz audio,"Wi-Fi 802.11 a/b/g/n/ac, dual-band, Wi-Fi Direct","4.2, A2DP, LE","GPS, GLONASS, BDS",No,FM radio,"USB Type-C 2.0, OTG","Fingerprint (front-mounted), accelerometer, gyro, proximity, compass, barometer",Project Tango,"Li-Ion 3300 mAh, non-removable",Black,"A002A, A002, V570KL, ZS571KL",About 370 EUR,,,,
https://www.gsmarena.com/asus_zenfone_3_zoom_ze553kl-8509.php,https://fdn2.gsmarena.com/vv/bigpic/asus-zenfone-3-zoom-ze553kl.jpg,Asus Zenfone 3 Zoom ZE553KL,"Released 2017, February","170g, 8mm thickness","Android 6.1, up to Android 8, ZenUI 3","32GB/64GB/128GB storage, microSDXC","5.5""",1080x1920 pixels,3/4 GB RAM,5000 mAh Li-Ion,GSM 850 / 900 / 1800 / 1900 - SIM 1 & SIM 2,HSDPA 850 / 900 / 1900 / 2100 - Global,"1, 2, 3, 5, 7, 8, 20 - Global","HSPA 42.2/5.76 Mbps, LTE Cat4 150/50 Mbps (Global), LTE-A (2CA) Cat6 300/50 Mbps (Taiwan)","2017, January","Available. Released 2017, February",154.3 x 77 x 8 mm (6.07 x 3.03 x 0.31 in),170 g (6.00 oz),"Hybrid Dual SIM (Nano-SIM, dual stand-by)",AMOLED,"5.5 inches, 83.4 cm(~70.2% screen-to-body ratio)","1080 x 1920 pixels, 16:9 ratio (~401 ppi density)",Corning Gorilla Glass 5,"Android 6.1 (Marshmallow), upgradable to Android 8 (Oreo), ZenUI 3",Qualcomm MSM8953 Snapdragon 625 (14 nm),Octa-core 2.0 GHz Cortex-A53,Adreno 506,microSDXC (uses shared SIM slot),"32GB 3GB RAM, 32GB 4GB RAM, 64GB 4GB RAM, 128GB 4GB RAM",eMMC 5.1,"12 MP, f/1.7, 25mm (wide), 1/2.55"", 1.4µm, dual pixel PDAF, Laser AF, 4-axis OIS","Dual-LED dual-tone flash, panorama, HDR","4K@24fps, 1080p@30fps","13 MP, f/2.0, (wide), 1/3.1"", 1.12µm",1080p@30fps,24-bit/192kHz audio,Wi-Fi 802.11 b/g/n,"4.2, A2DP, EDR, LE","GPS, GLONASS, BDS",No,FM radio,"USB Type-C 2.0, OTG","Fingerprint (rear-mounted), accelerometer, gyro, proximity, compass","Li-Ion 5000 mAh, non-removable","Navy Black, Glacier Silver, Rose Gold","Z01HD, Z01HDA, ZE553KL",About 320 EUR,,,,
https://www.gsmarena.com/asus_zenfone_go_zb690kg-8503.php,https://fdn2.gsmarena.com/vv/bigpic/asus-zenfone-go-zb690kg.jpg,Asus Zenfone Go ZB690KG,"Released 2016, December","270g, 8.9mm thickness",Android 5.1,"8GB storage, microSDXC","6.9""",600x1024 pixels,1 GB RAM,4680 mAh Li-Ion,GSM 850 / 900 / 1800 / 1900,HSDPA 850 / 900 / 1900 / 2100,HSPA,"2016, December","Available. Released 2016, December",188 x 101.4 x 8.9 mm (7.40 x 3.99 x 0.35 in),270 g (9.52 oz),"Dual SIM (Micro-SIM, dual stand-by)",IPS LCD,"6.9 inches, 134.0 cm(~70.3% screen-to-body ratio)","600 x 1024 pixels, 16:9 ratio (~172 ppi density)",Android 5.1 (Lollipop),Quad-core,microSDXC (dedicated slot),8GB 1GB RAM,"5 MP or 8 MP, f/2.0, AF","LED flash, HDR",1080p@30fps,2 MP,,"Wi-Fi 802.11 b/g/n, hotspot","4.0, A2DP","GPS, GLONASS, BDS",No,No,microUSB 2.0,"Accelerometer, proximity, compass","Li-Ion 3480 mAh, non-removable",Up to 735 h (3G),Up to 20 h (3G),"Glacier Grey, Pearl White",L001,About 120 EUR,,,,,,,,
https://www.gsmarena.com/asus_zenpad_3_8_0_z581kl-8493.php,https://fdn2.gsmarena.com/vv/bigpic/asus-zenpad-3-80-z581kl-.jpg,Asus Zenpad 3 8.0 Z581KL,"Released 2017, January","320g, 7.6mm thickness",Android 6.0,"32GB storage, microSDXC","7.9""",1536x2048 pixels,4 GB RAM,4680 mAh Li-Po,GSM 850 / 900 / 1800 / 1900,HSDPA 850 / 900 / 2100,"1, 3, 5, 7, 18, 20, 26, 28, 38, 41","HSPA 42.2/5.76 Mbps, LTE-A (2CA) Cat6 300/50 Mbps","2016, December. Released 2017, January",Discontinued,205.4 x 136.4 x 7.6 mm (8.09 x 5.37 x 0.30 in),320 g (11.29 oz),Micro-SIM,IPS LCD,"7.9 inches, 193.3 cm(~69.0% screen-to-body ratio)","1536 x 2048 pixels, 4:3 ratio (~324 ppi density)",Android 6.0 (Marshmallow),Qualcomm MSM8956 Snapdragon 650,Hexa-core (4x1.4 GHz Cortex-A53 & 2x1.8 GHz Cortex-A72),Adreno 510,microSDXC (dedicated slot),32GB 4GB RAM,eMMC 4.5,8 MP,1080p@30fps,2 MP,,24-bit/192kHz audio,"Wi-Fi 802.11 a/b/g/n/ac, dual-band, Wi-Fi Direct","4.1, A2DP, LE, aptX","GPS, GLONASS",No,No,USB Type-C,"Accelerometer, gyro, proximity, compass","Li-Po 4680 mAh, non-removable (18 Wh)",Up to 10 h (multimedia),Black,About 280 EUR,,,,,,
https://www.gsmarena.com/asus_zenfone_go_zb500kl-8467.php,https://fdn2.gsmarena.com/vv/bigpic/asus-zenfone-go-zb500kl.jpg,Asus Zenfone Go ZB500KL,"Released 2016, October","150g, 11.3mm thickness",Android 6.0,"16GB storage, microSDXC","5.0""",720x1280 pixels,2 GB RAM,2600 mAh Li-Ion,GSM 850 / 900 / 1800 / 1900 - SIM 1 & SIM 2,"HSDPA 850 / 900 / 1900 / 2100 - Global, India","1, 2, 3, 5, 6, 7, 8, 9, 18, 19, 28, 38, 41 - Brazil","HSPA 21.1/5.76 Mbps, LTE Cat4 150/50 Mbps","2016, October. Released 2016, October",Discontinued,143.7 x 70.9 x 11.3 mm (5.66 x 2.79 x 0.44 in),150 g (5.29 oz),"Glass front, plastic back, plastic frame",Hybrid Dual SIM (Dual stand-by),IPS LCD,"5.0 inches, 68.9 cm(~67.6% screen-to-body ratio)","720 x 1280 pixels, 16:9 ratio (~294 ppi density)",Android 6.0 (Marshmallow),Qualcomm MSM8916 Snapdragon 410 (28 nm),Quad-core 1.0 GHz Cortex-A53,Adreno 306,microSDXC (uses shared SIM slot),16GB 2GB RAM,eMMC 4.5,"13 MP, f/2.0, AF","LED flash, HDR, panorama",1080p@30fps,"5 MP, f/2.0, AF",,"Wi-Fi 802.11 b/g/n, Wi-Fi Direct","4.0, A2DP, EDR","GPS, GLONASS",No,FM radio,microUSB 2.0,"Accelerometer, proximity, compass","Li-Ion 2600 mAh, removable",Up to 440 h (3G),Up to 9 h (3G),"Glacier Gray, Sheer Gold, Silver Blue, Glamour Red, Charcoal Black, Pearl White","X00AD, X00BD, X00ADC, ZB500KL",About 130 EUR,,,
https://www.gsmarena.com/asus_zenfone_3_max_zc553kl-8425.php,https://fdn2.gsmarena.com/vv/bigpic/asus-zenfone-3-max-zc553kl.jpg,Asus Zenfone 3 Max ZC553KL,"Released 2016, November","175g, 8.3mm thickness","Android 6.0.1, up to Android 8.1, ZenUI 4","32GB storage, microSDXC","5.5""",1080x1920 pixels,2-4 GB RAM,4100 mAh Li-Ion,GSM 850 / 900 / 1800 / 1900 - SIM 1 & SIM 2,HSDPA 850 / 900 / 1900 / 2100 - Global,"1, 2, 3, 5, 7, 8, 20 - Global","HSPA 42.2/5.76 Mbps, LTE Cat4 150/50 Mbps","2016, November. Released 2016, November",Discontinued,151.4 x 76.2 x 8.3 mm (5.96 x 3.00 x 0.33 in),175 g (6.17 oz),"Glass front, aluminum back, aluminum frame","Hybrid Dual SIM (Nano-SIM, dual stand-by)",IPS LCD,"5.5 inches, 83.4 cm(~72.3% screen-to-body ratio)","1080 x 1920 pixels, 16:9 ratio (~401 ppi density)",Oleophobic coating,"Android 6.0.1 (Marshmallow), upgradable to Android 8.1 (Oreo), ZenUI 4",Qualcomm MSM8937 Snapdragon 430 (28 nm),Octa-core 1.4 GHz Cortex-A53,Adreno 505,microSDXC (uses shared SIM slot),"32GB 2GB RAM, 32GB 3GB RAM, 32GB 4GB RAM",eMMC 5.1,"16 MP, f/2.0, 1/3"", PDAF, Laser AF","Dual-LED dual-tone flash, panorama, HDR",1080p@30fps,"8 MP, f/2.2",,"Wi-Fi 802.11 b/g/n, Wi-Fi Direct","4.1, A2DP, LE","GPS, GLONASS, BDS",No,FM radio,"microUSB 2.0, OTG","Fingerprint (rear-mounted), accelerometer, gyro, proximity, compass","Li-Ion 4100 mAh, non-removable",Up to 912 h (3G),Up to 17 h (3G),Up to 72 h,"Titanium Gray, Glacier Silver, Rose Pink, Sand Gold","X00DDB, X00DDA, X00DD",About 190 EUR,GFXBench: 2.4fps (ES 3.1 onscreen)
https://www.gsmarena.com/asus_zenfone_3_deluxe_5_5_zs550kl-8384.php,https://fdn2.gsmarena.com/vv/bigpic/asus-zenfone-3-deluxe-55-inch.jpg,Asus Zenfone 3 Deluxe 5.5 ZS550KL,"Released 2016, October","151g, 7.8mm thickness","Android 6.1, up to 7, ZenUI 3","64GB storage, microSDXC","5.5""",1080x1920 pixels,4 GB RAM,3000 mAh Li-Ion,GSM 850 / 900 / 1800 / 1900 - SIM 1 & SIM 2,HSDPA 800 / 850 / 900 / 1700(AWS) / 1900 / 2100,"1, 2, 3, 4, 5, 7, 8, 12, 17, 18, 19, 20, 26, 28","HSPA 42.2/5.76 Mbps, LTE-A (2CA) Cat6 300/50 Mbps","2016, October. Released 2016, October",Discontinued,151.5 x 76.7 x 7.8 mm (5.96 x 3.02 x 0.31 in),151 g (5.33 oz),"Hybrid Dual SIM (Nano-SIM/ Micro-SIM, dual stand-by)",IPS LCD,"5.5 inches, 83.4 cm(~71.8% screen-to-body ratio)","1080 x 1920 pixels, 16:9 ratio (~401 ppi density)",Corning Gorilla Glass 4,"Android 6.1 (Marshmallow), upgradable to 7 (Nougat), ZenUI 3",Qualcomm MSM8953 Snapdragon 625 (14 nm),Octa-core 2.0 GHz Cortex-A53,Adreno 506,microSDXC (uses shared SIM slot),64GB 4GB RAM,eMMC 5.1,"16 MP, f/2.0, PDAF, Laser AF, OIS","Dual-LED dual-tone flash, HDR, panorama",4K@30fps,"8 MP, f/2.0",1080p@30fps,24-bit/192kHz audio,"Wi-Fi 802.11 a/b/g/n/ac, Wi-Fi Direct","4.2, A2DP, EDR, LE","GPS, GLONASS, BDS",Yes,FM radio,"USB Type-C 2.0, OTG","Fingerprint (rear-mounted), accelerometer, gyro, proximity, compass","Li-Ion 3000 mAh, non-removable",Shimmer Gold,Z01FD,About 280 EUR,,,,
https://www.gsmarena.com/asus_zenpad_z10_zt500kl-8370.php,https://fdn2.gsmarena.com/vv/bigpic/asus-zenpad-z10-zt500kl.jpg,Asus Zenpad Z10 ZT500KL,"Released 2016, October","490g, 7.1mm thickness","Android 6.0, up to 7.0","32GB storage, microSDXC","9.7""",1536x2048 pixels,3 GB RAM,7800 mAh Li-Po,N/A,"2, 4, 5, 13",LTE-A Cat6 300/50 Mbps,No,No,"2016, October. Released 2016, October",Discontinued,242.3 x 166.1 x 7.1 mm (9.54 x 6.54 x 0.28 in),490 g (1.08 lb),Nano-SIM,IPS LCD,"9.7 inches, 291.4 cm(~72.4% screen-to-body ratio)","1536 x 2048 pixels, 4:3 ratio (~264 ppi density)","Android 6.0 (Marshmallow), upgradable to 7.0 (Nougat)",Qualcomm MSM8956 Snapdragon 650,Hexa-core (4x1.4 GHz Cortex-A53 & 2x1.8 GHz Cortex-A72),Adreno 510,microSDXC (dedicated slot),32GB 3GB RAM,eMMC 4.5,8 MP,"HDR, panorama",1080p@30fps,5 MP,1080p@30fps,"Wi-Fi 802.11 a/b/g/n/ac, dual-band, Wi-Fi Direct","4.2, A2DP, LE",GPS,No,No,USB Type-C,"Accelerometer, gyro, proximity, compass","Li-Po 7800 mAh, non-removable",Up to 1344 h (3G),Up to 20 h (3G),Gray,1.25 W/kg (head),About 300 EUR,,,
https://www.gsmarena.com/asus_zenwatch_3_wi503q-8271.php,https://fdn2.gsmarena.com/vv/bigpic/asus-zenwatch-3.jpg,Asus Zenwatch 3 WI503Q,"Released 2016, December","48g, 10.8mm thickness",Android Wear OS 2.1,"4GB 512MB RAM storage, no card slot","1.39""",400x400 pixels,512 MB RAM,341 mAh Li-Ion,N/A,No,No,"2016, August. Released 2016, December",Discontinued,45 x 45 x 10.8 mm (1.77 x 1.77 x 0.43 in),48 g (1.69 oz),"Glass front (Gorilla Glass 3), stainless steel 316L frame",No,IP67 dust/water resistant (up to 1m for 30 min),AMOLED,1.39 inches,400 x 400 pixels (~287 ppi density),Corning Gorilla Glass 3,Android Wear OS 2.1,Qualcomm MSM8909W Snapdragon Wear 2100,Quad-core 1.1 GHz Cortex-A7,Adreno 304,No,4GB 512MB RAM,eMMC 4.5,No,Wi-Fi 802.11 b/g/n,"4.1, LE",No,No,No,No,"Accelerometer, gyro",MP3 player,"Li-Ion 341 mAh, non-removable","Gunmetal, Silver, Rose gold",About 230 EUR,,,,,,,,
https://www.gsmarena.com/asus_zenpad_3s_10_z500m-8218.php,https://fdn2.gsmarena.com/vv/bigpic/asus-zenpad-3s.jpg,Asus Zenpad 3S 10 Z500M,"Released 2016, August","430g, 7.2mm thickness","Android 6.0, up to 7.0","32GB/64GB storage, microSDXC","9.7""",1536x2048 pixels,4 GB RAM,5900 mAh Li-Po,N/A,No,No,"2016, July. Released 2016, August",Discontinued,240.5 x 163.7 x 7.2 mm (9.47 x 6.44 x 0.28 in),430 g (15.17 oz),No,IPS LCD,"9.7 inches, 291.4 cm(~74.0% screen-to-body ratio)","1536 x 2048 pixels, 4:3 ratio (~264 ppi density)",Oleophobic coating,"Android 6.0 (Marshmallow), upgradable to 7.0 (Nougat)",Mediatek MT8176,Hexa-core (2x2.1 GHz Cortex-A72 & 4x1.7 GHz Cortex-A53),PowerVR GX6250,microSDXC (dedicated slot),"32GB 4GB RAM, 64GB 4GB RAM",8 MP,"HDR, panorama",1080p@30fps,5 MP,1080p@30fps,"Wi-Fi 802.11 a/b/g/n/ac, dual-band, Wi-Fi Direct","4.2, A2DP, LE, EDR, aptX","GPS, GLONASS",No,No,USB Type-C 2.0,"Fingerprint (front-mounted), accelerometer, gyro, proximity, compass","Li-Po 5900 mAh, non-removable (22 Wh)",Up to 10 h (multimedia),"Silver, Grey",P027,About 340 EUR,,,,,,
https://www.gsmarena.com/asus_zenfone_3_max_zc520tl-8207.php,https://fdn2.gsmarena.com/vv/bigpic/asus-zenfone-3-max-zc520tl.jpg,Asus Zenfone 3 Max ZC520TL,"Released 2016, August","148g, 8.6mm thickness","Android 6.0.1, up to 7.0, ZenUI 3","16GB/32GB storage, microSDHC","5.2""",720x1280 pixels,2/3 GB RAM,4100 mAh Li-Po,GSM 850 / 900 / 1800 / 1900 - SIM 1 & SIM 2,HSDPA 850 / 900 / 1900 / 2100 - Global,"1, 2, 3, 4, 5, 7, 8, 18, 19, 26, 28, 38, 41 - Taiwan","HSPA 42.2/5.76 Mbps, LTE Cat4 150/50 Mbps","2016, July. Released 2016, August",Discontinued,149.5 x 73.7 x 8.6 mm (5.89 x 2.90 x 0.34 in),148 g (5.22 oz),"Glass front, aluminum back, aluminum frame","Hybrid Dual SIM (Micro-SIM/Nano-SIM, dual stand-by)",IPS LCD,"5.2 inches, 74.5 cm(~67.7% screen-to-body ratio)","720 x 1280 pixels, 16:9 ratio (~282 ppi density)","Android 6.0.1 (Marshmallow), upgradable to 7.0 (Nougat), ZenUI 3",Mediatek MT6737M (28 nm),Quad-core 1.25 GHz Cortex-A53,Mali-T720MP2,microSDHC (uses shared SIM slot),"16GB 2GB RAM, 32GB 3GB RAM",eMMC 5.0,"13 MP, f/2.2, AF","LED flash, panorama, HDR",1080p@30fps,"5 MP, f/2.0",,"Wi-Fi 802.11 b/g/n, Wi-Fi Direct","4.0, A2DP, EDR","GPS, GLONASS, BDS",No,FM radio,"microUSB 2.0, OTG","Fingerprint (rear-mounted), accelerometer, proximity, compass","Li-Po 4130 mAh, non-removable",Up to 720 h (3G),Up to 20 h (3G),Up to 87 h,"Titanium Grey, Glacier Silver, Sand Gold","X008D, X008DA, X008DC, X00KD",About 230 EUR,,
https://www.gsmarena.com/asus_zenfone_3_laser_zc551kl-8206.php,https://fdn2.gsmarena.com/vv/bigpic/asus-zenfone-3-laser-zc551kl.jpg,Asus Zenfone 3 Laser ZC551KL,"Released 2016, August","150g, 7.9mm thickness","Android 6.1, up to Android 8.0","16GB/32GB storage, microSDXC","5.5""",1080x1920 pixels,2/4 GB RAM,3000 mAh Li-Ion,GSM 850 / 900 / 1800 / 1900 - SIM 1 & SIM 2,HSDPA 850 / 900 / 1900 / 2100 - Global,"1, 2, 3, 5, 7, 8, 20 - Global","HSPA 42.2/5.76 Mbps, LTE Cat4 150/50 Mbps","2016, July. Released 2016, August",Discontinued,149 x 76 x 7.9 mm (5.87 x 2.99 x 0.31 in),150 g (5.29 oz),"Hybrid Dual SIM (Micro-SIM, dual stand-by)",IPS LCD,"5.5 inches, 83.4 cm(~73.6% screen-to-body ratio)","1080 x 1920 pixels, 16:9 ratio (~401 ppi density)",Corning Gorilla Glass 3,"Android 6.1 (Marshmallow), upgradable to Android 8.0 (Oreo)",Qualcomm MSM8937 Snapdragon 430 (28 nm),Octa-core 1.4 GHz Cortex-A53,Adreno 505,microSDXC (uses shared SIM slot),"16GB 2GB RAM, 32GB 4GB RAM",eMMC 5.1,"13 MP, f/2.0, 1/3.1"", 1.12µm, Laser AF","Dual-LED dual-tone flash, panorama, HDR",1080p@30fps (gyro-EIS),"8 MP, f/2.0, 24mm",,"Wi-Fi 802.11 b/g/n, Wi-Fi Direct","4.2, A2DP, EDR, LE","GPS, GLONASS, BDS",No,FM radio,microUSB 2.0,"Fingerprint (rear-mounted), accelerometer, gyro, proximity, compass","Li-Ion 3000 mAh, non-removable","Sand Gold, Glacier Silver","Z01BDB, Z01BDA, Z01BD, Z01BDC, Z01BS",About 160 EUR,,,,,
https://www.gsmarena.com/asus_zenfone_3_ze520kl-8197.php,https://fdn2.gsmarena.com/vv/bigpic/asus-zenfone-3-ZE520KL-1.jpg,Asus Zenfone 3 ZE520KL,"Released 2016, August","144g, 7.7mm thickness","Android 6.1, up to 7, ZenUI 3","32GB/64GB storage, microSDXC","5.2""",1080x1920 pixels,3/4 GB RAM,2600 mAh Li-Ion,GSM 850 / 900 / 1800 / 1900 - SIM 1 & SIM 2,HSDPA 850 / 900 / 1900 / 2100 / 800 - Taiwan,"1, 2, 3, 5, 7, 8, 18, 19, 26, 28, 38, 39, 40, 41 - Taiwan","HSPA 42.2/5.76 Mbps, LTE Cat4 150/50 Mbps (Global) or LTE-A (2CA) Cat6 300/50 Mbps (TW/HK/SG/PH)","2016, July. Released 2016, August",Discontinued,146.9 x 74 x 7.7 mm (5.78 x 2.91 x 0.30 in),144 g (5.08 oz),"Hybrid Dual SIM (Nano-SIM/ Micro-SIM, dual stand-by)",Super IPS+,"5.2 inches, 74.5 cm(~68.6% screen-to-body ratio)","1080 x 1920 pixels, 16:9 ratio (~424 ppi density)",Corning Gorilla Glass 3,"Android 6.1 (Marshmallow), upgradable to 7 (Nougat), ZenUI 3",Qualcomm MSM8953 Snapdragon 625 (14 nm),Octa-core 2.0 GHz Cortex-A53,Adreno 506,microSDXC (uses shared SIM slot),"32GB 3GB RAM, 64GB 4GB RAM",eMMC 5.1,"16 MP, f/2.0, PDAF, Laser AF, 4-axis OIS","Dual-LED dual-tone flash, panorama, HDR","4K@30fps, 1080p@60fps","8 MP, f/2.0",1080p@30fps,24-bit/192kHz audio,"Wi-Fi 802.11 a/b/g/n/ac, Wi-Fi Direct","4.2, A2DP, EDR, LE","GPS, GLONASS, BDS",No,"FM radio, RDS","USB Type-C 2.0, OTG","Fingerprint (rear-mounted), accelerometer, gyro, proximity, compass","Li-Ion 2600 mAh, non-removable","Sapphire Black, Moonlight White, Shimmer Gold","Z017DB, Z017D, Z017DA, Z017DC, ZE520KL, ZA520KL",About 280 EUR,,,,
https://www.gsmarena.com/asus_zenfone_pegasus_3-8156.php,https://fdn2.gsmarena.com/vv/bigpic/asus-zenfone-pegasus-3.jpg,Asus Zenfone Pegasus 3,"Released 2016, June","158.4g, 8.6mm thickness","Android 6.0.1, ZenUI","16GB/32GB storage, microSDXC","5.2""",720x1280 pixels,2/3 GB RAM,4100 mAh Li-Ion,GSM 850 / 900 / 1800 / 1900 - SIM 1 & SIM 2,HSDPA 850 / 900 / 1900 / 2100 & TD-SCDMA,"1, 3, 7, 38, 39, 40, 41","HSPA 42.2/5.76 Mbps, LTE Cat4 150/50 Mbps","2016, June. Released 2016, June",Discontinued,149.5 x 73.7 x 8.6 mm (5.89 x 2.90 x 0.34 in),158.4 g (5.57 oz),Hybrid Dual SIM,IPS LCD,"5.2 inches, 74.5 cm(~67.7% screen-to-body ratio)","720 x 1280 pixels, 16:9 ratio (~282 ppi density)","Android 6.0.1 (Marshmallow), ZenUI",Mediatek MT6737 (28 nm),Quad-core 1.3 GHz Cortex-A53,Mali-T720MP2,microSDXC (uses shared SIM slot),"16GB 2GB RAM, 32GB 3GB RAM",eMMC 5.0,"13 MP, f/2.2, AF","LED flash, panorama, HDR",1080p@30fps,"5 MP, f/2.0",,Wi-Fi 802.11 b/g/n,"4.0, A2DP","GPS, GLONASS",No,FM radio,microUSB 2.0,"Fingerprint (rear-mounted), accelerometer, proximity, compass","Li-Ion 4100 mAh, non-removable","Gold, silver, gray, rose gold","X008, X008DB",About 210 EUR,,,,,,
https://www.gsmarena.com/asus_zenpad_z8-8160.php,https://fdn2.gsmarena.com/vv/bigpic/asus-zenpad-z8.jpg,Asus Zenpad Z8,"Released 2016, June",320.1 g,Android 6.0,"16GB storage, microSDXC","7.9""",1536x2048 pixels,2 GB RAM,4680 mAh Li-Ion,,"2, 4, 5, 13",LTE-A,Yes,Yes,"2016, June. Released 2016, June",Discontinued,205.2 mm x 136.4 mm x (unknown thickness) mm,320.1 g (11.29 oz),Micro-SIM (built-in),IPS LCD,"7.9 inches, 193.3 cm(~69.1% screen-to-body ratio)","1536 x 2048 pixels, 4:3 ratio (~324 ppi density)",Android 6.0 (Marshmallow),Qualcomm MSM8956 Snapdragon 650,Hexa-core (4x1.4 GHz Cortex-A53 & 2x1.8 GHz Cortex-A72),Adreno 510,microSDXC (dedicated slot),16GB 2GB RAM,eMMC 4.5,8 MP,Yes,Yes,,Wi-Fi 802.11 b/g/n,"4.0, A2DP",GPS,No,No,microUSB 2.0,Accelerometer,"Li-Ion 4680 mAh, non-removable",Black,,,,,,,,
https://www.gsmarena.com/asus_zenfone_3_ultra_zu680kl-8130.php,https://fdn2.gsmarena.com/vv/bigpic/asus-zenfone-3-ultra-zu680kl.jpg,Asus Zenfone 3 Ultra ZU680KL,"Released 2016, August","233g, 6.8mm thickness","Android 6.1, ZenUI 3","32GB/64GB/128GB storage, microSDXC","6.8""",1080x1920 pixels,3/4 GB RAM,4600 mAh Li-Ion,GSM 850 / 900 / 1800 / 1900 - SIM 1 & SIM 2,HSDPA 850 / 900 / 1900 / 2100 / 800,"1, 3, 5, 7, 8, 18, 19, 20, 26, 28, 38, 40, 41","HSPA 42.2/5.76 Mbps, LTE-A (2CA) Cat6 300/50 Mbps","2016, May. Released 2016, August",Discontinued,186.4 x 93.9 x 6.8 mm (7.34 x 3.70 x 0.27 in),233 g (8.22 oz),"Hybrid Dual SIM (Nano-SIM, dual stand-by)",IPS LCD,"6.8 inches, 127.5 cm(~72.8% screen-to-body ratio)","1080 x 1920 pixels, 16:9 ratio (~324 ppi density)",Corning Gorilla Glass 4,"Android 6.1 (Marshmallow), ZenUI 3",Qualcomm MSM8976 Snapdragon 652 (28 nm),Octa-core (4x1.8 GHz Cortex-A72 & 4x1.4 GHz Cortex-A53),Adreno 510,microSDXC (uses shared SIM slot),"32GB 3GB RAM, 64GB 3GB RAM, 128GB 4GB RAM",eMMC 5.1,"23 MP, f/2.0, 1/2.6"", 1.0µm, PDAF, Laser AF, 4-axis OIS","Dual-LED dual-tone flash, HDR, panorama",1080p@30fps,"8 MP, f/2.0",1080p@30fps,24-bit/192kHz audio,"Wi-Fi 802.11 a/b/g/n/ac, Wi-Fi Direct","4.2, A2DP, EDR, LE","GPS, GLONASS, BDS",No,FM radio,"USB Type-C 2.0, OTG","Fingerprint (front-mounted), accelerometer, gyro, proximity, compass","Li-Ion 4600 mAh, non-removable",Up to 34 h (3G),"Glacier Silver, Titanium Gray, Metallic Pink",About 300 EUR,,,,
https://www.gsmarena.com/asus_zenfone_3_deluxe_zs570kl-8129.php,https://fdn2.gsmarena.com/vv/bigpic/asus-zenfone-3-deluxe-zs570kl.jpg,Asus Zenfone 3 Deluxe ZS570KL,"Released 2016, August","170g, 7.5mm thickness","Android 6.1, up to Android 8, ZenUI 3","64GB/128GB/256GB storage, microSDXC","5.7""",1080x1920 pixels,4/6 GB RAM,3000 mAh Li-Ion,GSM 850 / 900 / 1800 / 1900 - SIM 1 & SIM 2,HSDPA 800 / 850 / 900 / 1700(AWS) / 1900 / 2100,"1, 2, 3, 4, 5, 7, 8, 12, 17, 18, 19, 20, 26, 28, 29, 30, 38, 39, 40, 41","HSPA 42.2/5.76 Mbps, LTE-A (3CA) Cat12 600/150 Mbps","2016, May. Released 2016, August",Discontinued,156.4 x 77.4 x 7.5 mm (6.16 x 3.05 x 0.30 in),170 g (6.00 oz),"Hybrid Dual SIM (Nano-SIM/ Micro-SIM, dual stand-by)",Super AMOLED,"5.7 inches, 89.6 cm(~74.0% screen-to-body ratio)","1080 x 1920 pixels, 16:9 ratio (~386 ppi density)",Corning Gorilla Glass 4,"Android 6.1 (Marshmallow), upgradable to Android 8 (Oreo), ZenUI 3",Qualcomm MSM8996 Snapdragon 820 (14 nm)Qualcomm MSM8996 Snapdragon 821 (14 nm),Quad-core (2x2.15 GHz Kryo & 2x1.6 GHz Kryo)Quad-core (2x2.4 GHz Kryo & 2x2.0 GHz Kryo),Adreno 530,microSDXC (uses shared SIM slot),"64GB 4GB RAM, 64GB 6GB RAM, 128GB 4GB RAM, 256GB 6GB RAM",UFS 2.0 (128/256GB versions),"23 MP, f/2.0, 1/2.6"", 1.0µm, PDAF, Laser AF, 4-axis OIS","Dual-LED dual-tone flash, HDR, panorama",4K@30fps,"8 MP, f/2.0",1080p@30fps,24-bit/192kHz audio,"Wi-Fi 802.11 a/b/g/n/ac, Wi-Fi Direct","4.2, A2DP, EDR, LE","GPS, GLONASS, BDS",Yes,No,"USB Type-C 3.0, OTG","Fingerprint (rear-mounted), accelerometer, gyro, proximity, compass","Li-Ion 3000 mAh, non-removable","Glacier Silver, Titanium Gray, Shimmer Gold","Z016D, Z016S",About 230 EUR,,,,
https://www.gsmarena.com/asus_zenfone_3_ze552kl-8106.php,https://fdn2.gsmarena.com/vv/bigpic/asus-zenfone-3-ze552kl.jpg,Asus Zenfone 3 ZE552KL,"Released 2016, August","155g, 7.7mm thickness","Android 6.0.1, up to 7.0, ZenUI 3","32GB/64GB storage, microSDXC","5.5""",1080x1920 pixels,3/4 GB RAM,3000 mAh Li-Ion,GSM 850 / 900 / 1800 / 1900 - SIM 1 & SIM 2,HSDPA 850 / 900 / 1900 / 2100 - Global,"1, 2, 3, 5, 7, 8, 20 - Global","HSPA 42.2/5.76 Mbps, LTE Cat4 150/50 Mbps (Global), LTE-A (2CA) Cat6 300/50 Mbps (Taiwan)","2016, May. Released 2016, August",Discontinued,152.6 x 77.4 x 7.7 mm (6.01 x 3.05 x 0.30 in),155 g (5.47 oz),"Glass front (Gorilla Glass 3), glass back (Gorilla Glass 3), aluminum frame","Hybrid Dual SIM (Nano-SIM/ Micro-SIM, dual stand-by)",Super IPS+,"5.5 inches, 83.4 cm(~70.6% screen-to-body ratio)","1080 x 1920 pixels, 16:9 ratio (~401 ppi density)",Corning Gorilla Glass 3,"Android 6.0.1 (Marshmallow), upgradable to 7.0 (Nougat), ZenUI 3",Qualcomm MSM8953 Snapdragon 625 (14 nm),Octa-core 2.0 GHz Cortex-A53,Adreno 506,microSDXC (uses shared SIM slot),"32GB 3GB RAM, 64GB 4GB RAM",eMMC 5.1,"16 MP, f/2.0, PDAF, Laser AF, 3-axis OIS","Dual-LED dual-tone flash, panorama, HDR",4K@30fps,"8 MP, f/2.0",1080p@30fps,24-bit/192kHz audio,"Wi-Fi 802.11 a/b/g/n/ac, Wi-Fi Direct","4.2, A2DP, EDR, LE","GPS, GLONASS",No,FM radio,"USB Type-C 2.0, OTG","Fingerprint (rear-mounted), accelerometer, gyro, proximity, compass","Li-Ion 3000 mAh, non-removable","Sapphire Black, Moonlight White, Shimmer Gold","Z012DB, Z012D, Z012DA, Z012DC, Z012S, Z012DE",About 330 EUR,Basemark OS II 2.0: 1205,,
https://www.gsmarena.com/asus_zenfone_max_zc550kl_(2016)-8111.php,https://fdn2.gsmarena.com/vv/bigpic/asus-zenfone-max-zc550kl-1.jpg,Asus Zenfone Max ZC550KL (2016),"Released 2016, May","202g, 10.6mm thickness","Android 6.0.1, ZenUI","32GB storage, microSDXC","5.5""",720x1280 pixels,2/3 GB RAM,5000 mAh Li-Po,GSM 850 / 900 / 1800 / 1900 - SIM 1 & SIM 2,HSDPA 850 / 900 / 1900 / 2100 - India,"1, 3, 5, 38, 39, 40, 41 - India","HSPA 42.2/5.76 Mbps, LTE Cat4 150/50 Mbps","2016, May. Released 2016, May",Discontinued,156 x 77.5 x 10.6 mm (6.14 x 3.05 x 0.42 in),202 g (7.13 oz),"Dual SIM (Micro-SIM, dual stand-by)",IPS LCD,"5.5 inches, 83.4 cm(~69.0% screen-to-body ratio)","720 x 1280 pixels, 16:9 ratio (~267 ppi density)",Corning Gorilla Glass 4,"Android 6.0.1 (Marshmallow), ZenUI",Qualcomm MSM8939 Snapdragon 615 (28 nm),Octa-core (4x1.5 GHz Cortex-A53 & 4x1.0 GHz Cortex-A53),Adreno 405,microSDXC (dedicated slot),"32GB 2GB RAM, 32GB 3GB RAM",eMMC 4.5,"13 MP, f/2.0, Laser AF","Dual-LED dual-tone flash, panorama, HDR",1080p@30fps,"5 MP, f/2.0",,"Wi-Fi 802.11 b/g/n, Wi-Fi Direct","4.0, A2DP, EDR","GPS, GLONASS, BDS",No,FM radio,"microUSB 2.0, OTG","Accelerometer, proximity, compass","Li-Po 5000 mAh, non-removable",Up to 914 h (3G),Up to 38 h (3G),"Black, White, Orange, Blue",Z010DD,About 170 EUR,,,
https://www.gsmarena.com/asus_zenfone_go_zb450kl-8262.php,https://fdn2.gsmarena.com/vv/bigpic/asus-zenfone-go-zb452kg.jpg,Asus Zenfone Go ZB450KL,"Released 2016, August","135g, 11.2mm thickness","Android 6, ZenUI 2","8GB storage, microSDXC","4.5""",480x854 pixels,1 GB RAM,2070 mAh Li-Po,GSM 850 / 900 / 1800 / 1900 - SIM 1 & SIM 2,"HSDPA 850 / 900 / 2100 - Global, India","1, 3, 5, 7, 8 - Global","HSPA 21.1/5.76 Mbps, LTE Cat4 150/50 Mbps","2016, July. Released 2016, August",Discontinued,136.5 x 66.7 x 11.2 mm (5.37 x 2.63 x 0.44 in),135 g (4.76 oz),"Hybrid Dual SIM (Micro-SIM/Nano-SIM, dual stand-by)",IPS LCD,"4.5 inches, 55.8 cm(~61.3% screen-to-body ratio)","480 x 854 pixels, 16:9 ratio (~218 ppi density)","Android 6 (Marshmallow), ZenUI 2",Qualcomm MSM8916 Snapdragon 410 (28 nm),Quad-core 1.2 GHz Cortex-A53,Adreno 306,microSDXC (uses shared SIM slot),8GB 1GB RAM,eMMC 4.5,"8 MP, f/2.0, AF","LED flash, HDR, panorama",720p,"2 MP, f/2.4",,"Wi-Fi 802.11 b/g/n, Wi-Fi Direct","4.0, A2DP, EDR","GPS, GLONASS, BDS",No,FM radio,microUSB 2.0,"Accelerometer, proximity, compass","Li-Po 2070 mAh, removable","Glacier Grey/Silver, Blue/Sheer Gold, Charcoal Black, Pearl White, Glamor Red, Lemon Yellow",X009DA,About 110 EUR,,,,,,
https://www.gsmarena.com/asus_zenfone_go_zb452kg-8097.php,https://fdn2.gsmarena.com/vv/bigpic/asus-zenfone-go-zb452kg.jpg,Asus Zenfone Go ZB452KG,"Released 2016, April","125g, 11.2mm thickness",Android 5.1,"8GB storage, microSDXC","4.5""",480x854 pixels,1 GB RAM,2070 mAh Li-Po,GSM 850 / 900 / 1800 / 1900 - SIM 1 & SIM 2,HSDPA 850 / 900 / 1900 / 2100,HSPA 21.1/5.76 Mbps,"2016, April. Released 2016, April",Discontinued,136.5 x 66.7 x 11.2 mm (5.37 x 2.63 x 0.44 in),125 g (4.41 oz),"Dual SIM (Micro-SIM, dual stand-by)",IPS LCD,"4.5 inches, 55.8 cm(~61.3% screen-to-body ratio)","480 x 854 pixels, 16:9 ratio (~218 ppi density)",Android 5.1 (Lollipop),Qualcomm MSM8212 Snapdragon 200 (28 nm),Quad-core 1.2 GHz Cortex-A7,Adreno 302,microSDXC (dedicated slot),8GB 1GB RAM,eMMC 4.5,"5 MP or 8 MP, f/2.0, AF","LED flash, HDR, panorama",,"VGA, f/2.8",,"Wi-Fi 802.11 b/g/n, Wi-Fi Direct, hotspot","4.0, A2DP, EDR","GPS, GLONASS, BDS",No,FM radio,microUSB 2.0,"Accelerometer, proximity, compass","Li-Po 2070 mAh, removable","Lemon Yellow, Charcoal Black, Pearl White, Glacier Gray, Sheer Gold, Glamour Red, Silver Blue",X014D,About 90 EUR,,,,,,,
https://www.gsmarena.com/asus_zenfone_go_zb551kl-8095.php,https://fdn2.gsmarena.com/vv/bigpic/asus-zenfone-go-zb551kl.jpg,Asus Zenfone Go ZB551KL,"Released 2016, May","160g, 10.7mm thickness",Android 5.1,"16GB/32GB storage, microSDXC","5.5""",720x1280 pixels,2 GB RAM,3010 mAh Li-Ion,GSM 850 / 900 / 1800 / 1900 - SIM 1 & SIM 2,HSDPA 850 / 900 / 1900 / 2100,"1, 2, 3, 5, 7, 8, 20 - Global","HSPA 21.1/5.76 Mbps, LTE Cat4 150/50 Mbps","2016, April. Released 2016, May",Discontinued,151 x 76.9 x 10.7 mm (5.94 x 3.03 x 0.42 in),160 g (5.64 oz),"Dual SIM (Micro-SIM, dual stand-by)",IPS LCD,"5.5 inches, 83.4 cm(~71.8% screen-to-body ratio)","720 x 1280 pixels, 16:9 ratio (~267 ppi density)",Corning Gorilla Glass 3,Android 5.1 (Lollipop),Qualcomm MSM8928 Snapdragon 400 (28 nm),Quad-core 1.6 GHz Cortex-A7,Adreno 305,microSDXC (dedicated slot),"16GB 2GB RAM, 32GB 2GB RAM",eMMC 4.5,"8 MP or 13 MP, f/2.0, AF","Dual-LED dual-tone flash, HDR, panorama",1080p@30fps,"5 MP, f/2.0",,"Wi-Fi 802.11 b/g/n, Wi-Fi Direct, hotspot","4.0, A2DP, EDR","GPS, GLONASS, BDS",No,FM radio,"microUSB 2.0, OTG","Accelerometer, proximity","Li-Ion 3010 mAh, removable",Up to 335 h (3G),Up to 16 h (3G),"Charcoal Black, Pearl White, Lake Blue, Glacier Gray, Sheer Gold, Glamour Red, Floral Pink, Silver Blue","X013D, X013DC, X013DA, X013DB",About 150 EUR,,,
https://www.gsmarena.com/asus_zenfone_go_t500-8045.php,https://fdn2.gsmarena.com/vv/bigpic/asus-zenfone-go-t500.jpg,Asus Zenfone Go T500,"Released 2016, April","153g, 9.9mm thickness",Android 4.4,"16GB storage, microSDHC","5.0""",720x1280 pixels,2 GB RAM,2500 mAh Li-Po,GSM 850 / 900 / 1800 / 1900 - SIM 1 & SIM 2,HSDPA 2100,"3, 40","HSPA 21.1/5.76 Mbps, LTE Cat4 150/50 Mbps","2016, April. Released 2016, April",Discontinued,146 x 73 x 9.9 mm (5.75 x 2.87 x 0.39 in),153 g (5.40 oz),"Dual SIM (Micro-SIM, dual stand-by)",IPS LCD,"5.0 inches, 68.9 cm(~64.7% screen-to-body ratio)","720 x 1280 pixels, 16:9 ratio (~294 ppi density)",Android 4.4 (KitKat),Qualcomm MSM8916 Snapdragon 410 (28 nm),Quad-core 1.2 GHz Cortex-A53,Adreno 306,microSDHC (dedicated slot),16GB 2GB RAM,eMMC 4.5,"8 MP, AF",LED flash,1080p@30fps,"5 MP, f/2.2",,"Wi-Fi 802.11 a/b/g/n, hotspot","4.0, A2DP, EDR","GPS, GLONASS",No,FM radio,microUSB 2.0,"Accelerometer, proximity","Li-Po 2500 mAh, removable","Black, White",About 110 EUR,,,,,,,
https://www.gsmarena.com/asus_zenfone_go_zc451tg-8048.php,https://fdn2.gsmarena.com/vv/bigpic/asus-zenfone-go-zc451tg.jpg,Asus Zenfone Go ZC451TG,"Released 2015, December","133.5g, 10.1mm thickness",Android 5.1,"8GB storage, microSDXC","4.5""",480x854 pixels,1 GB RAM,1600 mAh Li-Ion,GSM 850 / 900 / 1800 / 1900 - SIM 1 & SIM 2,HSDPA 850 / 900 / 1900 / 2100,HSPA 21.1/5.76 Mbps,"2015, December. Released 2015, December",Discontinued,135 x 67 x 10.1 mm (5.31 x 2.64 x 0.40 in),133.5 g (4.73 oz),"Dual SIM (Micro-SIM, dual stand-by)",IPS LCD,"4.5 inches, 55.8 cm(~61.7% screen-to-body ratio)","480 x 854 pixels, 16:9 ratio (~218 ppi density)",Android 5.1 (Lollipop),Mediatek MT6580M (28 nm),Quad-core 1.3 GHz Cortex-A7,Mali-400MP2,microSDXC (dedicated slot),8GB 1GB RAM,"5 MP, f/2.0, AF",LED flash,720p@30fps,VGA,,"Wi-Fi 802.11 b/g/n, hotspot","4.0, A2DP, EDR",GPS,No,FM radio,microUSB 2.0,"Accelerometer, proximity, compass","Li-Ion 1600 mAh, removable",Up to 355 h (3G),Up to 11 h (3G),"Charcoal Black, Pearl White, Rouge Pink, Flash Blue",Z00SD,About 70 EUR,,,,,,
https://www.gsmarena.com/asus_live_g500tg-7866.php,https://fdn2.gsmarena.com/vv/bigpic/asus-live-g500tg-.jpg,Asus Live G500TG,"Released 2016, February","140g, 10mm thickness",Android 5.1,"16GB storage, microSDXC","5.0""",720x1280 pixels,2 GB RAM,2070 mAh Li-Po,GSM 850 / 900 / 1800 / 1900 - SIM 1 & SIM 2,HSDPA 850 / 900 / 1900 / 2100,HSPA 21.1/5.76 Mbps,"2016, January. Released 2016, February",Discontinued,144.5 x 71 x 10 mm (5.69 x 2.80 x 0.39 in),140 g (4.94 oz),"Dual SIM (Micro-SIM, dual stand-by)",IPS LCD,"5.0 inches, 68.9 cm(~67.2% screen-to-body ratio)","720 x 1280 pixels, 16:9 ratio (~294 ppi density)",Android 5.1 (Lollipop),Mediatek MT6580 (28 nm),Quad-core 1.3 GHz Cortex-A7,Mali-400MP2,microSDXC (dedicated slot),16GB 2GB RAM,"8 MP, f/2.0, AF",LED flash,Yes,"2 MP, f/2.4",,"Wi-Fi 802.11 b/g/n, hotspot","4.0, A2DP, LE",GPS,No,FM radio,microUSB 2.0,"Accelerometer, proximity","Li-Po 2070 mAh, removable","Rosa, Azul, Yellow",Z00YD,About 160 EUR,,,,,,,,
https://www.gsmarena.com/asus_zenwatch_2_wi501q-7689.php,https://fdn2.gsmarena.com/vv/bigpic/asus-zenwatch-wi501q.jpg,Asus Zenwatch 2 WI501Q,"Released 2015, September",10.9mm thickness,Android Wear OS 2.1,"4GB 512MB RAM storage, no card slot","1.63""",320x320 pixels,512 MB RAM,400 mAh Li-Ion,N/A,No,No,"2015, September. Released 2015, September",Discontinued,49.6 x 40.7 x 10.9 mm (1.95 x 1.60 x 0.43 in),-,"Glass front (Gorilla Glass 3), stainless steel frame",No,IP67 dust/water resistant (up to 1m for 30 min),AMOLED,1.63 inches,320 x 320 pixels (~278 ppi density),Corning Gorilla Glass 3,Android Wear OS 2.1,Qualcomm MSM8926 Snapdragon 400 (28 nm),Quad-core 1.2 GHz Cortex-A7,Adreno 305,No,4GB 512MB RAM,eMMC 4.5,No,Wi-Fi 802.11 b/g,"4.1, LE",No,No,No,No,Accelerometer,MP3 player,"Li-Ion 400 mAh, non-removable","Gunmetal, Silver, Rose gold",About 150 EUR,,,,,,,,
https://www.gsmarena.com/asus_zenwatch_2_wi502q-7690.php,https://fdn2.gsmarena.com/vv/bigpic/asus-zenwatch-wi502q.jpg,Asus Zenwatch 2 WI502Q,"Released 2015, September",11.8mm thickness,Android Wear OS 2.1,"4GB 512MB RAM storage, no card slot","1.45""",280x280 pixels,512 MB RAM,300 mAh Li-Ion,N/A,No,No,"2015, September. Released 2015, September",Discontinued,45.2 x 37.2 x 11.8 mm (1.78 x 1.46 x 0.46 in),-,"Glass front (Gorilla Glass 3), stainless steel frame",No,IP67 dust/water resistant (up to 1m for 30 min),AMOLED,1.45 inches,280 x 280 pixels (~273 ppi density),Corning Gorilla Glass 3,Android Wear OS 2.1,Qualcomm MSM8926 Snapdragon 400 (28 nm),Quad-core 1.2 GHz Cortex-A7,Adreno 305,No,4GB 512MB RAM,eMMC 4.5,No,Wi-Fi 802.11 b/g,"4.1, LE",No,No,No,No,Accelerometer,MP3 player,"Li-Ion 300 mAh, non-removable","Gunmetal, Silver, Rose gold",About 150 EUR,,,,,,,,
https://www.gsmarena.com/asus_zenwatch_wi500q-7688.php,https://fdn2.gsmarena.com/vv/bigpic/asus-zenwatch-wi500q.jpg,Asus Zenwatch WI500Q,"Released 2014, September","75g (50g body), 9.4mm thickness",Android Wear OS,"4GB 512MB RAM storage, no card slot","1.63""",320x320 pixels,512 MB RAM,370 mAh Li-Ion,N/A,No,No,"2014, September. Released 2014, September",Discontinued,51 x 39.9 x 9.4 mm (2.01 x 1.57 x 0.37 in),75 g (50 g body) (2.65 oz),"Glass front (Gorilla Glass 3), stainless steel frame",No,IP55 dust and splash resistant,AMOLED,1.63 inches,320 x 320 pixels (~278 ppi density),Corning Gorilla Glass 3,Android Wear OS,Qualcomm MSM8926 Snapdragon 400 (28 nm),Quad-core 1.2 GHz Cortex-A7,Adreno 305,No,4GB 512MB RAM,eMMC 4.5,No,No,"4.0, A2DP",No,No,No,No,Accelerometer,MP3 player,"Li-Ion 370 mAh (1.4 Wh), non-removable",Silver/Rose gold,About 100 EUR,,,,,,,,
https://www.gsmarena.com/asus_zenfone_2_laser_ze551kl-7733.php,https://fdn2.gsmarena.com/vv/bigpic/zenfone-2-laser-ze550kl.jpg,Asus Zenfone 2 Laser ZE551KL,"Released 2015, November","170.1g, 10.9mm thickness","Android 5, up to 6.1, ZenUI 2","16GB/32GB storage, microSDXC","5.5""",1080x1920 pixels,3 GB RAM,3000 mAh Li-Po,GSM 850 / 900 / 1800 / 1900 - SIM 1 & SIM 2,HSDPA 850 / 900 / 1700(AWS) / 1900 / 2100,"1, 2, 3, 4, 5, 7, 8, 17, 20","HSPA 42.2/5.76 Mbps, LTE Cat4 150/50 Mbps","2015, November. Released 2015, November",Discontinued,152.4 x 77.2 x 10.9 mm (6.00 x 3.04 x 0.43 in),170.1 g (6.00 oz),"Dual SIM (Micro-SIM, dual stand-by)",IPS LCD,"5.5 inches, 83.4 cm(~70.9% screen-to-body ratio)","1080 x 1920 pixels, 16:9 ratio (~401 ppi density)",Corning Gorilla Glass 4,"Android 5 (Lollipop), upgradable to 6.1 (Marshmallow), ZenUI 2",Qualcomm MSM8939 Snapdragon 615 (28 nm),Octa-core (4x1.7 GHz Cortex-A53 & 4x1.0 GHz Cortex-A53),Adreno 405,microSDXC (dedicated slot),"16GB 3GB RAM, 32GB 3GB RAM",eMMC 4.5,"13 MP, f/2.0, Laser AF","Dual-LED dual-tone flash, panorama, HDR",1080p@30fps,"5 MP, f/2.0",,"Wi-Fi 802.11 b/g/n, Wi-Fi Direct, hotspot","4.1, A2DP, aptX","GPS, GLONASS, BDS",No,FM radio,"microUSB 2.0, OTG","Accelerometer, gyro, proximity, compass","Li-Po 3000 mAh, removable",Silver,Z00TD,About 180 EUR,,,,,
https://www.gsmarena.com/asus_zenfone_zoom_zx551ml-7577.php,https://fdn2.gsmarena.com/vv/bigpic/asus-zenfone-zoom-zx551ml.jpg,Asus Zenfone Zoom ZX551ML,"Released 2015, December","185g, 12mm thickness","Android 5.0, up to 6.0, ZenUI","32GB/64GB/128GB storage, microSDXC","5.5""",1080x1920 pixels,4 GB RAM,3000 mAh Li-Po,GSM 850 / 900 / 1800 / 1900,HSDPA 850 / 900 / 1900 / 2100,"1, 2, 3, 5, 7, 8, 9, 18, 19, 28","HSPA 42.2/5.76 Mbps, LTE Cat4+ 250/50 Mbps","2015, September. Released 2015, December",Discontinued,158.9 x 78.8 x 12 mm (6.26 x 3.10 x 0.47 in),185 g (6.53 oz),Micro-SIM,IPS LCD,"5.5 inches, 83.4 cm(~66.6% screen-to-body ratio)","1080 x 1920 pixels, 16:9 ratio (~401 ppi density)",Corning Gorilla Glass 4,"Android 5.0 (Lollipop), upgradable to 6.0 (Marshmallow), ZenUI",Intel Atom Z3590,Quad-core 2.5 GHz,PowerVR G6430,microSDXC (dedicated slot),"32GB 4GB RAM, 64GB 4GB RAM, 128GB 4GB RAM","13 MP, f/2.7-4.8, 28-84mm (periscope telephoto zoom), Laser AF, OIS, 3x optical zoom","Dual-LED dual-tone flash, panorama, HDR",1080p@30fps,"5 MP, f/2.0",,"Wi-Fi 802.11 a/b/g/n/ac, Wi-Fi Direct, hotspot","4.0, A2DP, EDR","GPS, GLONASS, BDS",Yes,No,"microUSB 2.0, OTG","Accelerometer, gyro, proximity, compass","Li-Po 3000 mAh, non-removable","Pure Black, Ceramic White",Z00XS,About 250 EUR,,,,,,
https://www.gsmarena.com/asus_zenpad_8_0_z380m-8474.php,https://fdn2.gsmarena.com/vv/bigpic/asus-zenpad-80.jpg,Asus Zenpad 8.0 Z380M,"Released 2016, May","350g, 8.5mm thickness","Android 6.0, up to 7.0","8GB/16GB storage, microSDXC","8.0""",800x1280 pixels,1/2 GB RAM,4000 mAh Li-Po,N/A,No,No,"2016, April. Released 2016, May",Discontinued,209 x 123 x 8.5 mm (8.23 x 4.84 x 0.33 in),350 g (12.35 oz),No,IPS LCD,"8.0 inches, 185.6 cm(~72.2% screen-to-body ratio)","800 x 1280 pixels, 16:10 ratio (~189 ppi density)",Oleophobic coating,"Android 6.0 (Marshmallow), upgradable to 7.0 (Nougat)",Mediatek MT8163 (28 nm),Mali-T720MP2,microSDXC (dedicated slot),"8GB 1GB RAM, 16GB 2GB RAM","5 MP, AF",1080p@30fps,"2 MP, f/2.2",,Wi-Fi 802.11 a/b/g/n,"4.0, A2DP, LE, aptX",GPS,No,No,microUSB 2.0,"Accelerometer, compass","Li-Po 4000 mAh, non-removable (15.2 Wh)",Up to 8 h (multimedia),"Dark Gray, Pearl White, Rose Gold",,,,,,,,,,
https://www.gsmarena.com/asus_zenpad_10_z300m-8465.php,https://fdn2.gsmarena.com/vv/bigpic/asus-zenpad-10-z300c.jpg,Asus Zenpad 10 Z300M,"Released 2016, May","490g, 7.9mm thickness",Android 6.0,"16GB/32GB storage, microSDXC","10.1""",800x1280 pixels,2 GB RAM,4890 mAh Li-Po,N/A,No,No,"2016, May. Released 2016, May",Discontinued,251.6 x 172 x 7.9 mm (9.91 x 6.77 x 0.31 in),490 g (1.08 lb),No,IPS LCD,"10.1 inches, 295.8 cm(~68.4% screen-to-body ratio)","800 x 1280 pixels, 16:10 ratio (~149 ppi density)",Oleophobic coating,Android 6.0 (Marshmallow),Mediatek MT8163 (28 nm),Quad-core 1.5 GHz Cortex-A53,Mali-T720MP2,microSDXC (dedicated slot),"16GB 2GB RAM, 32GB 2GB RAM","5 MP, AF",Yes,2 MP,,Wi-Fi 802.11 a/b/g/n,"4.0, aptX","GPS, GLONASS",No,No,microUSB 2.0,"Accelerometer, compass","Li-Po 4890 mAh, non-removable (18 Wh)",Up to 11 h (multimedia),"Dark Gray, Pearl White, Rose Gold",,,,,,,,,
https://www.gsmarena.com/asus_zenpad_10_z300c-7532.php,https://fdn2.gsmarena.com/vv/bigpic/asus-zenpad-10-z300c.jpg,Asus Zenpad 10 Z300C,"Released 2015, June","510g, 7.9mm thickness",Android 5.0,"8GB/16GB/32GB storage, microSDXC","10.1""",800x1280 pixels,2 GB RAM,4890 mAh Li-Po,N/A,No,No,"2015, June. Released 2015, June",Discontinued,251.6 x 172 x 7.9 mm (9.91 x 6.77 x 0.31 in),510 g (1.12 lb),No,IPS LCD,"10.1 inches, 295.8 cm(~68.4% screen-to-body ratio)","800 x 1280 pixels, 16:10 ratio (~149 ppi density)",Corning Gorilla Glass,Android 5.0 (Lollipop),Intel Atom x3-C3200,Quad-core,Mali-450MP4,microSDXC (dedicated slot),"8GB 2GB RAM, 16GB 2GB RAM, 32GB 2GB RAM","5 MP, AF",Yes,2 MPVGA,,Wi-Fi 802.11 b/g/n,"4.0, A2DP","GPS, GLONASS",No,No,microUSB 2.0,"Accelerometer, compass","Li-Po 4890 mAh, non-removable (18 Wh)",Up to 8 h (multimedia),"Black, White, Aurora Metallic",About 160 EUR,,,,,,,,
https://www.gsmarena.com/asus_zenfone_go_zc500tg-7368.php,https://fdn2.gsmarena.com/vv/bigpic/asus-zenfone-go-zc500tg.jpg,Asus Zenfone Go ZC500TG,"Released 2015, August","135g, 10mm thickness",Android 5.1,"8GB/16GB storage, microSDXC","5.0""",720x1280 pixels,2 GB RAM,2070 mAh Li-Po,GSM 850 / 900 / 1800 / 1900 - SIM 1 & SIM 2,HSDPA 850 / 900 / 1900 / 2100,HSPA 42.2/5.76 Mbps,"2015, August. Released 2015, August",Discontinued,144.5 x 71 x 10 mm (5.69 x 2.80 x 0.39 in),135 g (4.76 oz),"Glass front, plastic back, plastic frame","Dual SIM (Micro-SIM, dual stand-by)",IPS LCD,"5.0 inches, 68.9 cm(~67.2% screen-to-body ratio)","720 x 1280 pixels, 16:9 ratio (~294 ppi density)",Android 5.1 (Lollipop),Mediatek MT6580 (28 nm),Quad-core 1.3 GHz Cortex-A7,Mali-400MP2,microSDXC (dedicated slot),"8GB 2GB RAM, 16GB 2GB RAM","8 MP, f/2.0, AF",LED flash,1080p@30fps,"2 MP, f/2.4",,"Wi-Fi 802.11 b/g/n, hotspot","4.0, A2DP",GPS,No,FM radio,microUSB 2.0,"Accelerometer, proximity, compass","Li-Po 2070 mAh, removable","Black, White, Red",Z00VD,About 130 EUR,,,,,,,
https://www.gsmarena.com/asus_zenfone_max_zc550kl-7476.php,https://fdn2.gsmarena.com/vv/bigpic/asus-zenfone-max-zc550kl-1.jpg,Asus Zenfone Max ZC550KL,"Released 2016, January","202g, 10.6mm thickness","Android 5.0.1, up to 6.0.1, ZenUI","8GB/16GB storage, microSDXC","5.5""",720x1280 pixels,2 GB RAM,5000 mAh Li-Po,GSM 850 / 900 / 1800 / 1900 - SIM 1 & SIM 2,HSDPA 850 / 900 / 1900 / 2100,"1, 3, 38, 39, 40, 41 - India","HSPA 42.2/5.76 Mbps, LTE Cat4 150/50 Mbps","2015, August. Released 2016, January",Discontinued,156 x 77.5 x 10.6 mm (6.14 x 3.05 x 0.42 in),202 g (7.13 oz),"Glass front (Gorilla Glass 4), plastic back, plastic frame","Dual SIM (Micro-SIM, dual stand-by)",IPS LCD,"5.5 inches, 83.4 cm(~69.0% screen-to-body ratio)","720 x 1280 pixels, 16:9 ratio (~267 ppi density)",Corning Gorilla Glass 4,"Android 5.0.1 (Lollipop), upgradable to 6.0.1 (Marshmallow), ZenUI",Qualcomm MSM8916 Snapdragon 410 (28 nm),Quad-core 1.2 GHz Cortex-A53,Adreno 306,microSDXC (dedicated slot),"8GB 2GB RAM, 16GB 2GB RAM",eMMC 4.5,"13 MP, f/2.0, Laser AF","Dual-LED dual-tone flash, panorama, HDR",1080p@30fps,"5 MP, f/2.0",,"Wi-Fi 802.11 b/g/n, Wi-Fi Direct, hotspot","4.0, A2DP, EDR","GPS, GLONASS, BDS",No,FM radio,"microUSB 2.0, OTG","Accelerometer, proximity, compass","Li-Po 5000 mAh, non-removable",Up to 914 h (3G),Up to 38 h (3G),"Black, White","Z010D, Z010DA",About 170 EUR,Basemark OS II 2.0: 624Basemark X: 1844,
https://www.gsmarena.com/asus_zenfone_2_deluxe_ze551ml-7475.php,https://fdn2.gsmarena.com/vv/bigpic/zenfone-2-deluxe-ze551ml.jpg,Asus Zenfone 2 Deluxe ZE551ML,"Released 2015, September","170g, 10.9mm thickness","Android 5.0, up to 6.0, ZenUI","64GB/128GB/256GB storage, microSDXC","5.5""",1080x1920 pixels,4 GB RAM,3000 mAh Li-Po,GSM 850 / 900 / 1800 / 1900 - SIM 1 & SIM 2,HSDPA 850 / 900 / 1900 / 2100,"1, 2, 3, 4, 5, 8, 9, 18, 19, 28 - Taiwan","HSPA 42.2/5.76 Mbps, LTE Cat4+ 250/50 Mbps, LTE-A (2CA) Cat6 300/50 Mbps (Special Edition)","2015, August. Released 2015, September",Discontinued,152.5 x 77.2 x 10.9 mm (6.00 x 3.04 x 0.43 in),170 g (6.00 oz),"Dual SIM (Micro-SIM, dual stand-by)",IPS LCD,"5.5 inches, 83.4 cm(~70.8% screen-to-body ratio)","1080 x 1920 pixels, 16:9 ratio (~401 ppi density)",Corning Gorilla Glass 3,"Android 5.0 (Lollipop), upgradable to 6.0 (Marshmallow), ZenUI",Intel Atom Z3580Intel Atom Z3560Intel Atom Z3590,Quad-core 2.3 GHzQuad-core 1.8 GHzQuad-core 2.5 GHz,PowerVR G6430,microSDXC (dedicated slot),"64GB 4GB RAM, 128GB 4GB RAM, 256GB 4GB RAM","13 MP, f/2.0, AF","Dual-LED dual-tone flash, panorama, HDR",1080p@30fps,"5 MP, f/2.0",,"Wi-Fi 802.11 a/b/g/n/ac, Wi-Fi Direct, hotspot","4.0, A2DP, EDR","GPS, GLONASS, BDS",No,"FM radio, RDS","microUSB 2.0, OTG","Accelerometer, gyro, proximity, compass","Li-Po 3000 mAh, non-removable","White, Pink, PurpleSilver Polygon/Carbon Night (Black) - Special Edition",0.35 W/kg (head),About 350 EUR,Basemark OS II 2.0: 1090Basemark X: 12565,,,,,
https://www.gsmarena.com/asus_zenfone_2_laser_ze601kl-7479.php,https://fdn2.gsmarena.com/vv/bigpic/asus-zenfone-2-laser-ze601kl.jpg,Asus Zenfone 2 Laser ZE601KL,"Released 2015, December","190g, 10.6mm thickness","Android 5.0, up to 6.0, ZenUI","16GB/32GB storage, microSDXC","6.0""",1080x1920 pixels,2/3 GB RAM,3000 mAh Li-Po,GSM 850 / 900 / 1800 / 1900 - SIM 1 & SIM 2,HSDPA 850 / 900 / 1900 / 2100 - TW/WW version,"1, 2, 3, 5, 6, 8, 9, 18, 19, 28 - TW version","HSPA 42.2/5.76 Mbps, LTE Cat4 150/50 Mbps","2015, August. Released 2015, December",Discontinued,164.6 x 84 x 10.6 mm (6.48 x 3.31 x 0.42 in),190 g (6.70 oz),"Dual SIM (Micro-SIM, dual stand-by)",IPS LCD,"6.0 inches, 99.2 cm(~71.8% screen-to-body ratio)","1080 x 1920 pixels, 16:9 ratio (~367 ppi density)",Corning Gorilla Glass 4,"Android 5.0 (Lollipop), upgradable to 6.0 (Marshmallow), ZenUI",Qualcomm MSM8939v2 Snapdragon 616 (28 nm),Octa-core (4x1.7 GHz Cortex-A53 & 4x1.2 GHz Cortex-A53),Adreno 405,microSDXC (dedicated slot),"16GB 2GB RAM, 32GB 3GB RAM",eMMC 4.5,"13 MP, f/2.0, Laser AF","Dual-LED dual-tone flash, panorama, HDR","1080p@30fps, 720p@60fps","5 MP, f/2.0",,"Wi-Fi 802.11 a/b/g/n/ac, Wi-Fi Direct, hotspot","4.1, A2DP, EDR","GPS, GLONASS, BDS",No,FM radio,"microUSB 2.0, OTG","Accelerometer, gyro, proximity, compass","Li-Po 3000 mAh, removable","Glacier Gray, Sheer Gold, Glamour Red","Z011D, Z011DD",About 270 EUR,,,,,
https://www.gsmarena.com/asus_zenfone_2_laser_ze600kl-7757.php,https://fdn2.gsmarena.com/vv/bigpic/asus-zenfone-2-laser-ze601kl.jpg,Asus Zenfone 2 Laser ZE600KL,"Released 2016, January","190g, 10.6mm thickness","Android 5.0, up to 6.0, ZenUI","16GB/32GB storage, microSDXC","6.0""",720x1280 pixels,2/3 GB RAM,3000 mAh Li-Po,GSM 850 / 900 / 1800 / 1900 - SIM 1 & SIM 2,HSDPA 850 / 900 / 1900 / 2100 - TW/WW version,"1, 2, 3, 5, 8, 9, 28 - TW version","HSPA 42.2/5.76 Mbps, LTE Cat4 150/50 Mbps","2015, October. Released 2016, January",Discontinued,164.6 x 84 x 10.6 mm (6.48 x 3.31 x 0.42 in),190 g (6.70 oz),"Dual SIM (Micro-SIM, dual stand-by)",IPS LCD,"6.0 inches, 99.2 cm(~71.8% screen-to-body ratio)","720 x 1280 pixels, 16:9 ratio (~245 ppi density)",Corning Gorilla Glass 4,"Android 5.0 (Lollipop), upgradable to 6.0 (Marshmallow), ZenUI",Qualcomm MSM8939 Snapdragon 615 (28 nm),Octa-core (4x1.7 GHz Cortex-A53 & 4x1.0 GHz Cortex-A53),Adreno 405,microSDXC (dedicated slot),"16GB 2GB RAM, 32GB 3GB RAM",eMMC 4.5,"13 MP, f/2.0, Laser AF","Dual-LED dual-tone flash, panorama, HDR","1080p@30fps, 720p@60fps","5 MP, f/2.0",,"Wi-Fi 802.11 a/b/g/n/ac, Wi-Fi Direct, hotspot","4.1, A2DP, EDR","GPS, GLONASS, BDS",No,No,microUSB 2.0,"Accelerometer, gyro, proximity, compass","Li-Po 3000 mAh, removable","Glacier Gray, Sheer Gold, Glamour Red",Z00MD,About 310 EUR,,,,,
https://www.gsmarena.com/asus_zenfone_2_laser_ze550kl-7477.php,https://fdn2.gsmarena.com/vv/bigpic/zenfone-2-laser-ze550kl.jpg,Asus Zenfone 2 Laser ZE550KL,"Released 2015, September","170g, 10.8mm thickness","Android 5.0, up to 6.0, ZenUI","16GB/32GB storage, microSDXC","5.5""",720x1280 pixels,2/3 GB RAM,3000 mAh Li-Po,GSM 850 / 900 / 1800 / 1900 - SIM 1 & SIM 2,HSDPA 850 / 900 / 1900 / 2100 - Global,"1, 2, 3, 5, 7, 8, 20 - Global","HSPA 42.2/5.76 Mbps, LTE Cat4 150/50 Mbps","2015, August. Released 2015, September",Discontinued,152.5 x 77.2 x 10.8 mm (6.00 x 3.04 x 0.43 in),170 g (6.00 oz),"Dual SIM (Micro-SIM, dual stand-by)",IPS LCD,"5.5 inches, 83.4 cm(~70.8% screen-to-body ratio)","720 x 1280 pixels, 16:9 ratio (~267 ppi density)",Corning Gorilla Glass 4,"Android 5.0 (Lollipop), upgradable to 6.0 (Marshmallow), ZenUI",Qualcomm MSM8916 Snapdragon 410 (28 nm)Qualcomm MSM8939 Snapdragon 615 (28 nm),Quad-core 1.2 GHz Cortex-A53Octa-core (4x1.5 GHz Cortex-A53 & 4x1.0 GHz Cortex-A53),Adreno 306Adreno 405,microSDXC (dedicated slot),"16GB 2GB RAM, 32GB 3GB RAM",eMMC 4.5,"13 MP, f/2.0, Laser AF","Dual-LED dual-tone flash, panorama, HDR",1080p@30fps,"5 MP, f/2.0, AF",,"Wi-Fi 802.11 b/g/n, Wi-Fi Direct, hotspot","4.0, A2DP, EDR","GPS, GLONASS",No,FM radio,"microUSB 2.0, OTG","Accelerometer, gyro, proximity, compass","Li-Po 3000 mAh, removable","Black, White, Red, Silver, Gold","Z00LD, Z00LDD",About 220 EUR,,,,,
https://www.gsmarena.com/asus_zenfone_2_laser_ze500kg-7478.php,https://fdn2.gsmarena.com/vv/bigpic/zenfone-2-laser-ze500.jpg,Asus Zenfone 2 Laser ZE500KG,"Released 2015, October","140g, 10.5mm thickness","Android 5.0, up to 6.0, ZenUI","8GB/16GB storage, microSDXC","5.0""",720x1280 pixels,2 GB RAM,2040 mAh Li-Ion,GSM 850 / 900 / 1800 / 1900 - SIM 1 & SIM 2,HSDPA 850 / 900 / 1900 / 2100,HSPA 42.2/5.76 Mbps,"2015, August. Released 2015, October",Discontinued,143.7 x 71.5 x 10.5 mm (5.66 x 2.81 x 0.41 in),140 g (4.94 oz),"Dual SIM (Micro-SIM, dual stand-by)",TFT,"5.0 inches, 68.9 cm(~67.1% screen-to-body ratio)","720 x 1280 pixels, 16:9 ratio (~294 ppi density)",Corning Gorilla Glass 4,"Android 5.0 (Lollipop), upgradable to 6.0 (Marshmallow), ZenUI",Qualcomm MSM8916 Snapdragon 410 (28 nm),Quad-core 1.2 GHz Cortex-A53,Adreno 306,microSDXC (dedicated slot),"8GB 2GB RAM, 16GB 2GB RAM",eMMC 4.5,"8 MP, f/2.0, Laser AF","Dual-LED dual-tone flash, panorama, HDR",1080p@30fps,"5 MP, f/2.0, AF",,"Wi-Fi 802.11 b/g/n, Wi-Fi Direct, hotspot","4.0, A2DP, EDR","GPS, GLONASS",No,FM radio,microUSB 2.0,"Accelerometer, compass","Li-Ion 2040 mAh, removable","Black, Ceramic White, Silver, Sheer Gold, Glamour Red","Z00RD, Z00WD",About 200 EUR,,,,,,
https://www.gsmarena.com/asus_zenfone_2_laser_ze500kl-7474.php,https://fdn2.gsmarena.com/vv/bigpic/zenfone-2-laser-ze500.jpg,Asus Zenfone 2 Laser ZE500KL,"Released 2015, August","140g, 10.5mm thickness","Android 5.0, up to 6.0, ZenUI","8GB/16GB storage, microSDXC","5.0""",720x1280 pixels,2 GB RAM,2400 mAh Li-Po,GSM 850 / 900 / 1800 / 1900 - SIM 1 & SIM 2,HSDPA 850 / 900 / 1900 / 2100 - Global,"1, 2, 3, 5, 7, 8, 20 - Global","HSPA 42.2/5.76 Mbps, LTE Cat4 150/50 Mbps","2015, August. Released 2015, August",Discontinued,143.7 x 71.5 x 10.5 mm (5.66 x 2.81 x 0.41 in),140 g (4.94 oz),"Glass front (Gorilla Glass 4), plastic back, plastic frame","Dual SIM (Micro-SIM, dual stand-by)",TFT,"5.0 inches, 68.9 cm(~67.1% screen-to-body ratio)","720 x 1280 pixels, 16:9 ratio (~294 ppi density)",Corning Gorilla Glass 4,"Android 5.0 (Lollipop), upgradable to 6.0 (Marshmallow), ZenUI",Qualcomm MSM8916 Snapdragon 410 (28 nm),Quad-core 1.2 GHz Cortex-A53,Adreno 306,microSDXC (dedicated slot),"8GB 2GB RAM, 16GB 2GB RAM",eMMC 4.5,"13 MP, f/2.0, Laser AF","Dual-LED dual-tone flash, panorama, HDR",1080p@30fps,"5 MP, f/2.0, AF",,"Wi-Fi 802.11 b/g/n, Wi-Fi Direct, hotspot","4.0, A2DP, EDR","GPS, GLONASS",No,FM radio,"microUSB 2.0, OTG","Accelerometer, proximity, compass","Li-Po 2400 mAh, removable",Black/Ceramic White/Silver/Purple/Aqua Blue/Sheer Gold/Glamour Red,Z00ED,About 210 EUR,,,,
https://www.gsmarena.com/asus_zenpad_7_0_z370cg-7473.php,https://fdn2.gsmarena.com/vv/bigpic/asus-zenpad-70-z370cg.jpg,Asus Zenpad 7.0 Z370CG,"Released 2015, August","272g, 8.7mm thickness",Android 5.0,"16GB storage, microSDXC","7.0""",800x1280 pixels,2 GB RAM,3500 mAh Li-Po,GSM 850 / 900 / 1800 / 1900,HSDPA 850 / 900 / 1900 / 2100,HSPA 21.1/5.76 Mbps,"2015, August. Released 2015, August",Discontinued,189 x 110.9 x 8.7 mm (7.44 x 4.37 x 0.34 in),272 g (9.59 oz),Micro-SIM,IPS LCD,"7.0 inches, 142.1 cm(~67.8% screen-to-body ratio)","800 x 1280 pixels, 16:10 ratio (~216 ppi density)","Corning Gorilla Glass, oleophobic coating",Android 5.0 (Lollipop),Intel Atom x3-C3230,Quad-core,Mali-450MP4,microSDXC (dedicated slot),16GB 2GB RAM,"8 MP, f/2.0, AF",LED flash,Yes,2 MP,,"Wi-Fi 802.11 b/g/n, hotspot","4.0, A2DP","GPS, GLONASS",No,FM radio,microUSB 2.0,"Accelerometer, proximity, compass","Li-Po 3500 mAh, non-removable (13 Wh)",Up to 8 h (multimedia),"Black, White, Aurora Metallic",About 160 EUR,,,,,,,
https://www.gsmarena.com/asus_zenfone_2e-7444.php,https://fdn2.gsmarena.com/vv/bigpic/asus-zenfone-2e.jpg,Asus Zenfone 2E,"Released 2015, July","155.1g, 10.9mm thickness","Android 5.0, ZenUI","8GB storage, microSDXC","5.0""",720x1280 pixels,1 GB RAM,2500 mAh Li-Po,GSM 850 / 900 / 1800 / 1900,HSDPA 850 / 900 / 1900 / 2100,LTE (unspecified),"HSPA, LTE","2015, July. Released 2015, July",Discontinued,148.1 x 71.4 x 10.9 mm (5.83 x 2.81 x 0.43 in),155.1 g (5.47 oz),Micro-SIM,IPS LCD,"5.0 inches, 68.9 cm(~65.2% screen-to-body ratio)","720 x 1280 pixels, 16:9 ratio (~294 ppi density)","Android 5.0 (Lollipop), ZenUI",Intel Atom Z2560,Dual-core 1.6 GHz,PowerVR SGX544MP2,microSDXC (dedicated slot),8GB 1GB RAM,"8 MP, AF","LED flash, panorama, HDR",1080p@30fps,2 MP,,"Wi-Fi 802.11 b/g/n, Wi-Fi Direct, hotspot","4.0, A2DP",GPS,No,No,microUSB 2.0,"Accelerometer, proximity, compass","Li-Po 2500 mAh, non-removable",Up to 19 h (3G),"Charcoal Black, Pearl White",About 110 EUR,,,,,,,
https://www.gsmarena.com/asus_pegasus_2_plus-7378.php,https://fdn2.gsmarena.com/vv/bigpic/asus-pegasus-2-plus-.jpg,Asus Pegasus 2 Plus,"Released 2015, December","156g, 8.1mm thickness",Android 5.1.1,"32GB storage, microSDHC","5.5""",1080x1920 pixels,3 GB RAM,3030 mAh Li-Po,GSM 900 / 1800 / 1900 - SIM 1 & SIM 2,HSDPA 850 / 900 / 1900 / 2100,"1, 3, 7, 38, 39, 40, 41","HSPA, LTE","2015, July. Released 2015, December",Discontinued,151.8 x 75.5 x 8.1 mm (5.98 x 2.97 x 0.32 in),156 g (5.50 oz),"Dual SIM (Micro-SIM, dual stand-by)",IPS LCD,"5.5 inches, 83.4 cm(~72.8% screen-to-body ratio)","1080 x 1920 pixels, 16:9 ratio (~401 ppi density)",Android 5.1.1 (Lollipop),Qualcomm MSM8939 Snapdragon 615 (28 nm),Octa-core (4x1.7 GHz Cortex-A53 & 4x1.0 GHz Cortex-A53),Adreno 405,microSDHC (dedicated slot),32GB 3GB RAM,eMMC 4.5,"13 MP, f/2.0, AF","Dual-LED dual-tone flash, HDR, panorama",1080p@30fps,"8 MP, f/2.0",,"Wi-Fi 802.11 a/b/g/n, dual-band, hotspot","4.1, A2DP",GPS,Yes,FM radio,microUSB 2.0,"Accelerometer, gyro, proximity, compass","Li-Po 3030 mAh, non-removable","Rose Gold, White",X550,About 300 EUR,,,,,,
https://www.gsmarena.com/asus_zenpad_s_8_0_z580ca-7367.php,https://fdn2.gsmarena.com/vv/bigpic/asus-zenpad-s-80.jpg,Asus Zenpad S 8.0 Z580CA,"Released 2015, August","298g, 6.6mm thickness",Android 5.0,"16GB/32GB/64GB storage, microSDXC","8.0""",1536x2048 pixels,2/4 GB RAM,4000 mAh Li-Po,N/A,No,No,"2015, June. Released 2015, August",Discontinued,203.2 x 134.5 x 6.6 mm (8.0 x 5.30 x 0.26 in),298 g (10.51 oz),No,IPS LCD,"8.0 inches, 198.2 cm(~72.5% screen-to-body ratio)","1536 x 2048 pixels, 4:3 ratio (~320 ppi density)",Corning Gorilla Glass 3,Active Pen support,Android 5.0 (Lollipop),Intel Atom Z3560 or Z3580,Quad-core,PowerVR G6430,microSDXC (dedicated slot),"16GB 2GB RAM, 32GB 2GB RAM, 64GB 4GB RAM",8 MP,Yes,5 MP,,Wi-Fi 802.11 a/b/g/n/ac,"4.1, LE","GPS, GLONASS",No,No,USB Type-C,"Accelerometer, compass","Li-Po 3950 mAh, non-removable (15.2 Wh)",Up to 8 h (multimedia),"Black, White",,,,,,,,
https://www.gsmarena.com/asus_zenpad_s_8_0_z580c-7366.php,https://fdn2.gsmarena.com/vv/bigpic/asus-zenpad-s-80.jpg,Asus Zenpad S 8.0 Z580C,"Released 2015, August","317g, 6.9mm thickness",Android 5.0,"16GB/32GB storage, microSDXC","8.0""",1536x2048 pixels,2 GB RAM,4000 mAh Li-Po,N/A,No,No,"2015, June. Released 2015, August",Discontinued,203.2 x 134.5 x 6.9 mm (8.0 x 5.30 x 0.27 in),317 g (11.18 oz),No,IPS LCD,"8.0 inches, 198.2 cm(~72.5% screen-to-body ratio)","1536 x 2048 pixels, 4:3 ratio (~320 ppi density)",Oleophobic coating,Android 5.0 (Lollipop),Intel Atom Z3530,Quad-core,PowerVR G6430,microSDXC (dedicated slot),"16GB 2GB RAM, 32GB 2GB RAM",5 MP,Yes,2 MP,,Wi-Fi 802.11 a/b/g/n/ac,"4.1, LE","GPS, GLONASS",No,No,microUSB 2.0,"Accelerometer, compass","Li-Po 4000 mAh, non-removable (15.2 Wh)",Up to 8 h (multimedia),"Black, White",,,,,,,,,
https://www.gsmarena.com/asus_zenpad_8_0_z380kl-7255.php,https://fdn2.gsmarena.com/vv/bigpic/asus-zenpad-80.jpg,Asus Zenpad 8.0 Z380KL,"Released 2015, July","350g, 8.5mm thickness","Android 5.0, up to 6.0.1","8GB/16GB storage, microSDXC","8.0""",800x1280 pixels,1/2 GB RAM,4000 mAh Li-Po,GSM 850 / 900 / 1800 / 1900,HSDPA 850 / 900 / 1900 / 2100,"1, 2, 3, 5, 7, 8, 20","HSPA 42.2/5.76 Mbps, LTE Cat4 150/50 Mbps","2015, June. Released 2015, July",Discontinued,209 x 123 x 8.5 mm (8.23 x 4.84 x 0.33 in),350 g (12.35 oz),Micro-SIM,IPS LCD,"8.0 inches, 185.6 cm(~72.2% screen-to-body ratio)","800 x 1280 pixels, 16:10 ratio (~189 ppi density)",Corning Gorilla Glass 1,"Android 5.0 (Lollipop), upgradable to 6.0.1 (Marshmallow)",Qualcomm MSM8916 Snapdragon 410 (28 nm)Qualcomm MSM8929 Snapdragon 415 (28 nm),Octa-core (4x Cortex-A53 & 4x Cortex-A53)Octa-core,Adreno 306Adreno 405,microSDXC (dedicated slot),"8GB 1GB RAM, 16GB 2GB RAM",eMMC 4.5,"5 MP or 8 MP, f/2.0, AF",1080p@30fps,"2 MP, f/2.2",,"Wi-Fi 802.11 b/g/n, hotspot","4.0, A2DP, LE, aptX","GPS, GLONASS",No,No,microUSB 2.0,"Accelerometer, proximity, compass","Li-Po 4000 mAh, non-removable (15.2 Wh)",Up to 10 h (multimedia),"Black, White, Aurora Metallic",P024,About 280 EUR,,,,,
https://www.gsmarena.com/asus_zenpad_8_0_z380c-7365.php,https://fdn2.gsmarena.com/vv/bigpic/asus-zenpad-80.jpg,Asus Zenpad 8.0 Z380C,"Released 2015, July","350g, 8.5mm thickness",Android 5.0,"8GB/16GB storage, microSDXC","8.0""",800x1280 pixels,1/2 GB RAM,4000 mAh Li-Po,N/A,No,No,"2015, June. Released 2015, July",Discontinued,209 x 123 x 8.5 mm (8.23 x 4.84 x 0.33 in),350 g (12.35 oz),No,IPS LCD,"8.0 inches, 185.6 cm(~72.2% screen-to-body ratio)","800 x 1280 pixels, 16:10 ratio (~189 ppi density)",Oleophobic coating,Android 5.0 (Lollipop),Intel Atom x3-C3200,Quad-core,Mali-450MP4,microSDXC (dedicated slot),"8GB 1GB RAM, 16GB 2GB RAM","5 MP, AF",Yes,2 MPVGA,,"Wi-Fi 802.11 b/g/n, hotspot","4.0, A2DP","GPS, GLONASS",No,No,microUSB 2.0,"Accelerometer, compass","Li-Po 4000 mAh, non-removable (15.2 Wh)",Up to 8 h (multimedia),"Black, White, Aurora Metallic",,,,,,,,,
https://www.gsmarena.com/asus_zenpad_c_7_0_z170mg-7364.php,https://fdn2.gsmarena.com/vv/bigpic/asus-zenpad-c-70.jpg,Asus Zenpad C 7.0 Z170MG,"Released 2015, August","275g, 9.5mm thickness",Android 5.0,"8GB/16GB storage, microSDXC","7.0""",600x1024 pixels,1 GB RAM,3500 mAh Li-Po,GSM 850 / 900 / 1800 / 1900,HSDPA 900 / 2100,HSPA 21.1/11.5 Mbps,"2015, June. Released 2015, August",Discontinued,189 x 108 x 9.5 mm (7.44 x 4.25 x 0.37 in),275 g (9.70 oz),Micro-SIM,IPS LCD,"7.0 inches, 137.9 cm(~67.6% screen-to-body ratio)","600 x 1024 pixels, 16:9 ratio (~170 ppi density)",Oleophobic coating,Android 5.0 (Lollipop),Mediatek MT8382V/W (28 nm),Quad-core Cortex-A7,Mali-400MP2,microSDXC (dedicated slot),"8GB 1GB RAM, 16GB 1GB RAM",5 MP,Yes,VGA,,"Wi-Fi 802.11 b/g/n, hotspot","4.0, A2DP","GPS, GLONASS",No,No,microUSB 2.0,Accelerometer,"Li-Po 3500 mAh, non-removable (13 Wh)",Up to 8 h 30 min,"Black, White",,,,,,,,,
https://www.gsmarena.com/asus_zenpad_c_7_0-7256.php,https://fdn2.gsmarena.com/vv/bigpic/asus-zenpad-c-70.jpg,Asus Zenpad C 7.0,"Released 2015, July","265g, 8.4mm thickness",Android 5.0,"8GB/16GB storage, microSDXC","7.0""",600x1024 pixels,1 GB RAM,3450 mAh Li-Po,GSM 850 / 900 / 1800 / 1900,HSDPA 850 / 900 / 1900 / 2100 - Z170CG,HSPA,"2015, June. Released 2015, July",Discontinued,189 x 108 x 8.4 mm (7.44 x 4.25 x 0.33 in),265 g (9.35 oz),Micro-SIM,IPS LCD,"7.0 inches, 137.9 cm(~67.6% screen-to-body ratio)","600 x 1024 pixels, 16:9 ratio (~170 ppi density)",Oleophobic coating,Android 5.0 (Lollipop),Intel Atom x3-C3200,Quad-core,Mali-450MP4,microSDXC (dedicated slot),"8GB 1GB RAM, 16GB 1GB RAM","5 MP, f/2.0 or 2 MP",720p@30fps,VGA,,"Wi-Fi 802.11 b/g/n, hotspot","4.0, A2DP","GPS, GLONASS",No,No,microUSB 2.0,Accelerometer,"Li-Po 3450 mAh, non-removable (13 Wh)",Up to 8 h,"Black, White, Red, Aurora Metallic",About 140 EUR,,,,,,,,
https://www.gsmarena.com/asus_zenfone_selfie_zd551kl-7261.php,https://fdn2.gsmarena.com/vv/bigpic/asus-zenfone-selfie.jpg,Asus Zenfone Selfie ZD551KL,"Released 2015, August","170g, 10.8mm thickness","Android 5.0, up to 6.0, ZenUI","16GB/32GB storage, microSDXC","5.5""",1080x1920 pixels,2/3 GB RAM,3000 mAh Li-Po,GSM 850 / 900 / 1800 / 1900 - SIM 1 & SIM 2,HSDPA 850 / 900 / 1900 / 2100,"1, 2, 3, 5, 7, 8, 20 - Global","HSPA 42.2/5.76 Mbps, LTE Cat4 150/50 Mbps","2015, June. Released 2015, August",Discontinued,156.5 x 77.2 x 10.8 mm (6.16 x 3.04 x 0.43 in),170 g (6.00 oz),"Glass front (Gorilla Glass 4), plastic back, plastic frame","Dual SIM (Micro-SIM, dual stand-by)",IPS LCD,"5.5 inches, 82.6 cm(~68.3% screen-to-body ratio)","1080 x 1920 pixels, 16:9 ratio (~403 ppi density)","Corning Gorilla Glass 4, oleophobic coating","Android 5.0 (Lollipop), upgradable to 6.0 (Marshmallow), ZenUI",Qualcomm MSM8939 Snapdragon 615 (28 nm),Octa-core (4x1.7 GHz Cortex-A53 & 4x1.0 GHz Cortex-A53),Adreno 405,microSDXC (dedicated slot),"16GB 2GB RAM, 32GB 3GB RAM",eMMC 4.5,"13 MP, f/2.0, 28mm (wide), 1/3"", Laser AF","Dual-LED dual-tone flash, panorama, HDR",1080p@30fps,"13 MP, f/2.2, 1/3.1"", 1.12µm, AF",Dual-LED dual-tone flash,1080p@30fps,"Wi-Fi 802.11 a/b/g/n/ac, Wi-Fi Direct, hotspot","4.0, A2DP, EDR","GPS, GLONASS, BDS",No,"FM radio, RDS","microUSB 2.0, OTG","Accelerometer, gyro, proximity, compass","Li-Po 3000 mAh, removable","Pure White, Chic Pink, Aqua Blue","Z00UD, Z00UDH, Z00UDC, Z00UDB",About 280 EUR,Basemark OS II 2.0: 883Basemark X: 4915,,
https://www.gsmarena.com/asus_zenfone_2_ze500cl-7044.php,https://fdn2.gsmarena.com/vv/bigpic/asus-zenfone-2-ze500cl.jpg,Asus Zenfone 2 ZE500CL,"Released 2015, March","155g, 10.9mm thickness","Android 5.0, ZenUI","16GB storage, microSDXC","5.0""",720x1280 pixels,2 GB RAM,2500 mAh Li-Po,GSM 850 / 900 / 1800 / 1900,HSDPA 850 / 900 / 1900 / 2100,"1, 2, 3, 4, 5, 7, 8, 28 - Taiwan","HSPA 42.2/5.76 Mbps, LTE Cat3 100/50 Mbps","2015, March. Released 2015, March",Discontinued,148.1 x 71.5 x 10.9 mm (5.83 x 2.81 x 0.43 in),155 g (5.47 oz),Micro-SIM,IPS LCD,"5.0 inches, 68.9 cm(~65.1% screen-to-body ratio)","720 x 1280 pixels, 16:9 ratio (~294 ppi density)",Corning Gorilla Glass 3,"Android 5.0 (Lollipop), ZenUI",Intel Atom Z2560,Dual-core 1.6 GHz,PowerVR SGX544MP2,microSDXC (dedicated slot),16GB 2GB RAM,"8 MP, f/2.0, AF","LED flash, panorama, HDR",1080p@30fps,"2 MP, f/2.0",,"Wi-Fi 802.11 b/g/n, Wi-Fi Direct, hotspot","4.0, A2DP, EDR","GPS, GLONASS",No,FM radio,microUSB 2.0,"Accelerometer, proximity, compass","Li-Po 2500 mAh, non-removable",Up to 360 h (3G),Up to 28 h (3G),"Charcoal Black, Pearl White, Cherry Red",Z00D,0.43 W/kg (head),About 180 EUR,,,
https://www.gsmarena.com/asus_zenfone_2_ze550ml-7120.php,https://fdn2.gsmarena.com/vv/bigpic/asus-zenfone-2-ze550ml.jpg,Asus Zenfone 2 ZE550ML,"Released 2015, March","170g, 10.9mm thickness","Android 5.0, up to 6.0, ZenUI","16GB storage, microSDXC","5.5""",720x1280 pixels,2 GB RAM,3000 mAh Li-Po,GSM 850 / 900 / 1800 / 1900 - SIM 1 & SIM 2,HSDPA 850 / 900 / 1900 / 2100,"1, 2, 3, 4, 5, 8, 28 - Taiwan","HSPA 42.2/5.76 Mbps, LTE Cat4 150/50 Mbps","2015, March. Released 2015, March",Discontinued,152.5 x 77.2 x 10.9 mm (6.00 x 3.04 x 0.43 in),170 g (6.00 oz),"Dual SIM (Micro-SIM, dual stand-by)",IPS LCD,"5.5 inches, 83.4 cm(~70.8% screen-to-body ratio)","720 x 1280 pixels, 16:9 ratio (~267 ppi density)",Corning Gorilla Glass 3,"Android 5.0 (Lollipop), upgradable to 6.0 (Marshmallow), ZenUI",Intel Atom Z3560,Quad-core 1.8 GHz,PowerVR G6430,microSDXC (dedicated slot),16GB 2GB RAM,"13 MP, f/2.0, AF","Dual-LED dual-tone flash, panorama, HDR",1080p@30fps,"5 MP, f/2.0",,"Wi-Fi 802.11 a/b/g/n/ac, Wi-Fi Direct, hotspot","4.0, A2DP, EDR","GPS, GLONASS",No,FM radio,"microUSB 2.0, OTG","Accelerometer, proximity, compass","Li-Po 3000 mAh, non-removable","Osmium Black, Glamor Red, Ceramic White","Z008D, Z008",0.35 W/kg (head),About 250 EUR,,,,,
https://www.gsmarena.com/asus_zenfone_2_ze551ml-6917.php,https://fdn2.gsmarena.com/vv/bigpic/asus-zenfone-2-new.jpg,Asus Zenfone 2 ZE551ML,"Released 2015, March","170g, 10.9mm thickness","Android 5.0, up to 6.0","16GB/64GB/128GB storage, microSDXC","5.5""",1080x1920 pixels,2/4 GB RAM,3000 mAh Li-Po,GSM 850 / 900 / 1800 / 1900 - SIM 1 & SIM 2,HSDPA 850 / 900 / 1900 / 2100,"1, 2, 3, 4, 5, 8, 9, 18, 19, 28 - Taiwan","HSPA 42.2/5.76 Mbps, LTE Cat4 150/50 Mbps","2015, January. Released 2015, March",Discontinued,152.5 x 77.2 x 10.9 mm (6.00 x 3.04 x 0.43 in),170 g (6.00 oz),"Glass front (Gorilla Glass 3), plastic back, plastic frame","Dual SIM (Micro-SIM, dual stand-by)",IPS LCD,"5.5 inches, 83.4 cm(~70.8% screen-to-body ratio)","1080 x 1920 pixels, 16:9 ratio (~401 ppi density)",Corning Gorilla Glass 3,"Android 5.0 (Lollipop), upgradable to 6.0 (Marshmallow)",Intel Atom Z3580 (4 GB RAM model)Intel Atom Z3560 (2 GB RAM model),Quad-core 2.3 GHz (4 GB RAM model)Quad-core 1.8 GHz (2 GB RAM model),PowerVR G6430,microSDXC (dedicated slot),"16GB 2GB RAM, 32GB 2GB RAM, 32GB 4GB RAM, 64GB 4GB RAM, 128GB 4GB RAM","13 MP, f/2.0, AF","Dual-LED dual-tone flash, panorama, HDR",1080p@30fps,"5 MP, f/2.0",,"Wi-Fi 802.11 a/b/g/n/ac, Wi-Fi Direct, hotspot","4.0, A2DP, EDR","GPS, GLONASS",Yes,"FM radio, RDS","microUSB 2.0, OTG","Accelerometer, gyro, proximity, compass","Li-Po 3000 mAh, non-removable","Osmium Black, Sheer Gold, Glacier Gray, Glamor Red, Ceramic White","Z00AD, Z00A",0.35 W/kg (head),About 300 EUR,Basemark OS II 2.0: 1090Basemark X: 12565,,,
https://www.gsmarena.com/asus_fonepad_7_fe375cl-7045.php,https://fdn2.gsmarena.com/vv/bigpic/asus-fonepad-7-fe375cl.jpg,Asus Fonepad 7 FE375CL,"Released 2015, March","299g, 9.8mm thickness",Android 5.0.1,"8GB/16GB storage, microSDXC","7.0""",800x1280 pixels,2 GB RAM,3950 mAh Li-Po,GSM 850 / 900 / 1800 / 1900,HSDPA 850 / 900 / 1700 / 2100,LTE 700 / 800 / 900 / 1700 / 1800 / 1900 / 2100,"HSPA 42.2/5.76 Mbps, LTE Cat4 150/50 Mbps","2015, February. Released 2015, March",Discontinued,194.3 x 108.9 x 9.8 mm (7.65 x 4.29 x 0.39 in),299 g (10.55 oz),Micro-SIM,IPS LCD,"7.0 inches, 142.1 cm(~67.1% screen-to-body ratio)","800 x 1280 pixels, 16:10 ratio (~216 ppi density)",Oleophobic coating,Android 5.0.1 (Lollipop),Intel Atom Z3530,Quad-core 1.33 GHz,PowerVR G6430,microSDXC (dedicated slot),"8GB 2GB RAM, 16GB 2GB RAM","5 MP, AF",1080p@30fps,2 MP,,"Wi-Fi 802.11 b/g/n, DLNA, hotspot","4.0, A2DP","GPS, GLONASS",No,No,"microUSB 2.0, OTG","Accelerometer, proximity, compass","Li-Po 3950 mAh, non-removable (15 Wh)",Up to 397 h (3G),Up to 12 h (multimedia) (2G) / Up to 22 h 30 min (3G),"Black, White",About 220 EUR,,,,,,
https://www.gsmarena.com/asus_zenfone_c_zc451cg-6982.php,https://fdn2.gsmarena.com/vv/bigpic/asus-zenfone-c.jpg,Asus Zenfone C ZC451CG,"Released 2015, February","150g, 10.9mm thickness",Android 4.4.2,"8GB storage, microSDXC","4.5""",480x854 pixels,1 GB RAM,2160 mAh Li-Ion,GSM 850 / 900 / 1800 / 1900 - SIM 1 & SIM 2,HSDPA 850 / 900 / 1900 / 2100,HSPA 42.2/5.76 Mbps,"2015, January. Released 2015, February",Discontinued,136.5 x 67 x 10.9 mm (5.37 x 2.64 x 0.43 in),150 g (5.29 oz),"Glass front, plastic back, plastic frame","Dual SIM (Micro-SIM, dual stand-by)",IPS LCD,"4.5 inches, 55.8 cm(~61.0% screen-to-body ratio)","480 x 854 pixels, 16:9 ratio (~218 ppi density)",Oleophobic coating,Android 4.4.2 (KitKat),Intel Atom Z2520,Dual-core 1.2 GHz,PowerVR SGX544MP2,microSDXC (dedicated slot),8GB 1GB RAM,"5 MP, f/2.0, AF",LED flash,1080p@30fps,"VGA, f/2.8",,"Wi-Fi 802.11 b/g/n, hotspot","4.0, A2DP, EDR","GPS, GLONASS",No,FM radio,"microUSB 2.0, OTG","Accelerometer, proximity","Li-Ion 2100 mAh, removable","Charcoal Black, Pearl White, Cherry Red",Z007,About 90 EUR,,,,,,
https://www.gsmarena.com/asus_fonepad_7_fe171cg-6953.php,https://fdn2.gsmarena.com/vv/bigpic/asus-fonepad-7-2015.jpg,Asus Fonepad 7 FE171CG,"Released 2015, January","280g, 7.9mm thickness",Android 4.4,"8GB/16GB storage, microSDXC","7.0""",600x1024 pixels,1/2 GB RAM,3950 mAh Li-Po,GSM 850 / 900 / 1800 / 1900 - SIM 1 & SIM 2,HSDPA 850 / 900 / 1900 / 2100,HSPA 42.2/5.76 Mbps,"2015, January. Released 2015, January",Discontinued,196 x 110.6 x 7.9 mm (7.72 x 4.35 x 0.31 in),280 g (9.88 oz),"Dual SIM (Micro-SIM, dual stand-by)",IPS LCD,"7.0 inches, 137.9 cm(~63.6% screen-to-body ratio)","600 x 1024 pixels, 16:9 ratio (~170 ppi density)",Oleophobic coating,Android 4.4 (KitKat),Intel Atom Z2520,Dual-core 1.2 GHz,PowerVR SGX544MP2,microSDXC (dedicated slot),"8GB 1GB RAM, 16GB 2GB RAM","5 MP or 8 MP, AF",LED flash,1080p@30fps,2 MP,720p,"Wi-Fi 802.11 b/g/n, DLNA, hotspot","4.0, A2DP","GPS, GLONASS",No,No,microUSB 2.0,Accelerometer,"Li-Po 3950 mAh, non-removable (15 Wh)",Up to 11 h 30 min (multimedia) (2G) / Up to 34 h (3G),"Black, White, Gold, Red",K01N,About 160 EUR,,,,,,
https://www.gsmarena.com/asus_zenfone_zoom_zx550-6918.php,https://fdn2.gsmarena.com/vv/bigpic/asus-zenfone-zoom-zx550.jpg,Asus Zenfone Zoom ZX550,"Released 2015, December","185g, 12mm thickness","Android 5.0, ZenUI","16GB/32GB/128GB storage, microSDXC","5.5""",1080x1920 pixels,2/4 GB RAM,3000 mAh Li-Po,GSM 850 / 900 / 1800 / 1900 - SIM 1 & SIM 2,HSDPA 850 / 900 / 1900 / 2100,"1, 2, 3, 4, 5, 7, 8, 9, 17, 18, 19, 20, 28, 29","HSPA 42.2/5.76 Mbps, LTE Cat4 150/50 Mbps","2015, January. Released 2015, December",Discontinued,158.9 x 78.8 x 12 mm (6.26 x 3.10 x 0.47 in),185 g (6.53 oz),"Dual SIM (Micro-SIM, dual stand-by)",IPS LCD,"5.5 inches, 82.6 cm(~65.9% screen-to-body ratio)","1080 x 1920 pixels, 16:9 ratio (~403 ppi density)",Corning Gorilla Glass 3,"Android 5.0 (Lollipop), ZenUI",Intel Atom Z3580,Quad-core 2.3 GHz,PowerVR G6430,microSDXC (dedicated slot),"16GB 2GB RAM, 32GB 2GB RAM, 64GB 2GB RAM, 128GB 4GB RAM","13 MP, f/2.7-4.8, 28-84mm (periscope telephoto zoom), Laser AF, OIS, 3x optical zoom","Dual-LED dual-tone flash, panorama, HDR",1080p@30fps,"5 MP, f/2.0",,"Wi-Fi 802.11 a/b/g/n/ac, Wi-Fi Direct, hotspot","4.0, A2DP, EDR","GPS, GLONASS",No,No,"microUSB 2.0, OTG","Accelerometer, gyro, proximity, compass","Li-Po 3000 mAh, non-removable","Meteorite black, Glacier white",About 400 EUR,,,,,,,
https://www.gsmarena.com/asus_pegasus-6897.php,https://fdn2.gsmarena.com/vv/bigpic/asus-x002.jpg,Asus Pegasus,"Released 2015, May","140g, 9.9mm thickness",Android 4.4,"8GB/16GB storage, microSDHC","5.0""",720x1280 pixels,2 GB RAM,2500 mAh Li-Po,GSM 900 / 1800 / 1900 - SIM 1 & SIM 2,TD-SCDMA,"38, 39, 40","TD-SCDMA, TD-LTE",Yes,Yes,"2014, December. Released 2015, May",Discontinued,146 x 73 x 9.9 mm (5.75 x 2.87 x 0.39 in),140 g (4.94 oz),"Dual SIM (Micro-SIM, dual stand-by)",IPS LCD,"5.0 inches, 68.9 cm(~64.7% screen-to-body ratio)","720 x 1280 pixels, 16:9 ratio (~294 ppi density)",Android 4.4 (KitKat),Mediatek MT6732 (28 nm),Quad-core 1.5 GHz Cortex-A53,Mali-T760MP2,microSDHC (dedicated slot),"8GB 2GB RAM, 16GB 2GB RAM","8 MP, f/2.0, AF","LED flash, panorama",Yes,"5 MP, f/2.2",,"Wi-Fi 802.11 b/g/n, hotspot","4.0, A2DP",GPS,No,No,microUSB 2.0,"Accelerometer, proximity, compass","Li-Po 2500 mAh, removable",Up to 174 h (3G),Up to 17 h 40 min (3G),"Black, White, Red, Gold",X003,About 80 EUR,,,
https://www.gsmarena.com/asus_zenfone_5_lite_a502cg_(2014)-6813.php,https://fdn2.gsmarena.com/vv/bigpic/asus-zenphone-5-lite.jpg,Asus Zenfone 5 Lite A502CG (2014),"Released 2014, November","160g, 10.8mm thickness",Android 4.4.2,"1GB RAM storage, microSDXC slot","5.0""",540x960 pixels,1 GB RAM,2500 mAh Li-Po,GSM 850 / 900 / 1800 / 1900 - SIM 1 & SIM 2,HSDPA 850 / 900 / 1900 / 2100,HSPA 42.2/5.76 Mbps,"2014, November. Released 2014, November",Discontinued,148.2 x 72.8 x 10.8 mm (5.83 x 2.87 x 0.43 in),160 g (5.64 oz),"Dual SIM (Micro-SIM, dual stand-by)",IPS LCD,"5.0 inches, 68.9 cm(~63.9% screen-to-body ratio)","540 x 960 pixels, 16:9 ratio (~220 ppi density)",Oleophobic coating,Android 4.4.2 (KitKat),Intel Atom Z2520,Dual-core 1.2 GHz,PowerVR SGX544MP2,microSDXC (dedicated slot),1GB RAM,"8 MP, AF","LED flash, panorama",720p@30fps,VGA,,"Wi-Fi 802.11 b/g/n, hotspot","4.0, A2DP, EDR","GPS, GLONASS",No,FM radio,"microUSB 2.0, OTG","Accelerometer, proximity, compass","Li-Po 2500 mAh, non-removable",Up to 424 h (3G),Up to 21 h 40 min (3G),"Charcoal Black, Pearl White, Cherry Red",T00K,About 100 EUR,,,,,
https://www.gsmarena.com/asus_memo_pad_10_me103k-6751.php,https://fdn2.gsmarena.com/vv/bigpic/asus-memo-pad-10-me103k.jpg,Asus Memo Pad 10 ME103K,"Released 2014, November","525g, 9.9mm thickness",Android 4.4.2,"8GB/16GB/32GB storage, microSDXC","10.1""",800x1280 pixels,1 GB RAM,5000 mAh Li-Po,N/A,No,No,"2014, October. Released 2014, November",Discontinued,256 x 174 x 9.9 mm (10.08 x 6.85 x 0.39 in),525 g (1.16 lb),No,IPS LCD,"10.1 inches, 295.8 cm(~66.4% screen-to-body ratio)","800 x 1280 pixels, 16:10 ratio (~149 ppi density)",Oleophobic coating,Android 4.4.2 (KitKat),Qualcomm Snapdragon S4 Pro,Quad-core 1.4 GHz Krait,Adreno 320,microSDXC (dedicated slot),"8GB 1GB RAM, 16GB 1GB RAM, 32GB 1GB RAM",5 MP or 2 MP,,VGA,,Wi-Fi 802.11 b/g/n,"4.0, A2DP","GPS, GLONASS",No,No,microUSB 2.0,"Accelerometer, compass","Li-Po 5000 mAh, non-removable (19 Wh)",Up to 9 h 30 min (multimedia),"White, Black",About 200 EUR,,,,,,,,
