Link,Image,Name,Release date,Weight,OS,Storage,Screen_size,Screen_resolution,RAM,Battery,Camera,Price,net2g,net3g,net4g,net5g,speed,year,status,dimensions,weight,build,sim,displaytype,displaysize,displayresolution,displayprotection,os,chipset,cpu,gpu,memoryslot,internalmemory,memoryother,cam1features,cam1video,cam2modules,cam2features,cam2video,optionalother,wlan,bluetooth,gps,nfc,radio,usb,sensors,batdescription1,colors,models,price,
https://www.gsmarena.com/oneplus_ace_2v-12158.php,https://fdn2.gsmarena.com/vv/bigpic/oneplus-ace-2v.jpg,OnePlus Ace 2V,"Exp.release 2023, March 15","191.5g, 8.2mm thickness","Android 13, ColorOS 13","256GB/512GB storage, no card slot","6.74""",1240x2772 pixels,12/16 GB RAM,5000 mAh Li-Po,"64 MP, f/1.7, 25mm (wide), PDAF","27,190",GSM 850 / 900 / 1800 / 1900 - SIM 1 & SIM 2,HSDPA 850 / 900 / 1700(AWS) / 2100,"1, 3, 4, 5, 8, 28, 34, 38, 39, 40, 41","1, 3, 8, 28, 40, 41, 77, 78 SA/NSA","HSPA, LTE-A (CA), 5G","2023, March 07","Coming soon. Exp. release 2023, March 15",162.6 x 75.1 x 8.2 mm (6.40 x 2.96 x 0.32 in),191.5 g (6.77 oz),"Glass front (Asahi Glass), aluminum frame, glass back (Gorilla Glass 5)","Dual SIM (Nano-SIM, dual stand-by)","AMOLED, 1B colors, 120Hz, HDR10+, 500 nits (typ), 1100 nits (HBM), 1450 nits (peak)","6.74 inches, 109.2 cm(~89.5% screen-to-body ratio)","1240 x 2772 pixels, 20:9 ratio (~451 ppi density)",Asahi Glass,"Android 13, ColorOS 13",Mediatek Dimensity 9000 (4 nm),Octa-core (1x3.05 GHz Cortex-X2 & 3x2.85 GHz Cortex-A710 & 4x1.80 GHz Cortex-A510),Mali-G710 MC10,No,"256GB 12GB RAM, 256GB 16GB RAM, 512GB 16GB RAM",UFS 3.1,"LED flash, HDR, panorama","4K@30/60fps, 1080p@30/60/120fps, gyro-EIS","16 MP, f/2.4, 26mm (wide), 1/3.09"", 1.0µm",HDR,1080p@30fps,24-bit/192kHz audio,"Wi-Fi 802.11 a/b/g/n/ac/6, dual-band","5.3, A2DP, LE, aptX HD","GPS (L1+L5), GLONASS (G1), BDS (B1I+B1c+B2a), GALILEO (E1+E5a), QZSS (L1+L5)","Yes, eSE, HCE, NFC-SIM",No,USB Type-C 2.0,"Fingerprint (under display, optical), accelerometer, gyro, proximity, compass, color spectrum","Li-Po 5000 mAh, non-removable","Black, Blue/Green",PHP110,About 310 EUR,
https://www.gsmarena.com/oneplus_11r-11915.php,https://fdn2.gsmarena.com/vv/bigpic/oneplus-ace2.jpg,OnePlus 11R,"Released 2023, February 21","204g, 8.7mm thickness","Android 13, OxygenOS 13","128GB/256GB storage, no card slot","6.74""",1240x2772 pixels,8/16 GB RAM,5000 mAh Li-Po,"50 MP, f/1.8, 24mm (wide), 1/1.56"", 1.0µm, multi-directional PDAF, OIS","39,999",GSM 850 / 900 / 1800 / 1900 - SIM 1 & SIM 2,HSDPA 850 / 900 / 1700(AWS) / 2100,"1, 3, 4, 5, 8, 28, 34, 38, 39, 40, 41","1, 3, 5, 8, 28, 40, 41, 77, 78 SA/NSA","HSPA, LTE-A (3CA), 5G","2023, February 07","Available. Released 2023, February 21",163.4 x 74.3 x 8.7 mm (6.43 x 2.93 x 0.34 in),204 g (7.20 oz),"Glass front, glass back (Gorilla Glass 5), plastic frame","Dual SIM (Nano-SIM, dual stand-by)","Fluid AMOLED, 1B colors, 120Hz, HDR10+, 1450 nits (peak)","6.74 inches, 109.2 cm(~90.0% screen-to-body ratio)","1240 x 2772 pixels, 20:9 ratio (~451 ppi density)",,"Android 13, OxygenOS 13",Qualcomm SM8475 Snapdragon 8+ Gen 1 (4 nm),Octa-core (1x3.19 GHz Cortex-X2 & 3x2.75 GHz Cortex-A710 & 4x1.80 GHz Cortex-A510),Adreno 730,No,"128GB 8GB RAM, 256GB 16GB RAM",UFS 3.1,"LED flash, HDR, panorama","4K@30/60fps, 1080p@30/60/240fps, gyro-EIS","16 MP, f/2.4, 24mm (wide), 1/3.09"", 1.0µm",HDR,1080p@30fps,24-bit/192kHz audio,"Wi-Fi 802.11 a/b/g/n/ac/6, dual-band","5.3, A2DP, LE, aptX HD","GPS (L1+L5), GLONASS (G1), BDS (B1I+B1c+B2a), GALILEO (E1+E5a), QZSS (L1+L5)",Yes,No,USB Type-C 2.0,"Fingerprint (under display, optical), accelerometer, gyro, proximity, compass, color spectrum","Li-Po 5000 mAh, non-removable","Galactic Silver, Sonic Black",,,
https://www.gsmarena.com/oneplus_ace_2-12103.php,https://fdn2.gsmarena.com/vv/bigpic/oneplus-ace2.jpg,OnePlus Ace 2,"Released 2023, February 13","204g, 8.7mm thickness","Android 13, ColorOS 13","256GB/512GB storage, no card slot","6.74""",1240x2772 pixels,12/16 GB RAM,5000 mAh Li-Po,"50 MP, f/1.8, 24mm (wide), 1/1.56"", 1.0µm, PDAF, OIS","34,999",GSM 850 / 900 / 1800 / 1900 - SIM 1 & SIM 2,HSDPA 850 / 900 / 1700(AWS) / 2100,"1, 3, 4, 5, 8, 28, 34, 38, 39, 40, 41","1, 3, 5, 8, 28, 40, 41, 77, 78 SA/NSA","HSPA, LTE-A (CA), 5G","2023, February 07","Available. Released 2023, February 13",163.4 x 74.3 x 8.7 mm (6.43 x 2.93 x 0.34 in),204 g (7.20 oz),"Glass front (Asahi Glass), aluminum frame, glass back (Gorilla Glass 5)","Dual SIM (Nano-SIM, dual stand-by)","AMOLED, 1B colors, 120Hz, HDR10+","6.74 inches, 109.2 cm(~90.0% screen-to-body ratio)","1240 x 2772 pixels, 20:9 ratio (~451 ppi density)",Asahi Glass,"Android 13, ColorOS 13",Qualcomm SM8475 Snapdragon 8+ Gen 1 (4 nm),Octa-core (1x3.19 GHz Cortex-X2 & 3x2.75 GHz Cortex-A710 & 4x1.80 GHz Cortex-A510),Adreno 730,No,"256GB 12GB RAM, 256GB 16GB RAM, 512GB 16GB RAM",UFS 3.1,"LED flash, HDR, panorama","4K@30/60fps, 1080p@30/60/120/240fps, gyro-EIS","16 MP, f/2.4, 26mm (wide), 1/3.09"", 1.0µm",HDR,1080p@30fps,24-bit/192kHz audio,"Wi-Fi 802.11 a/b/g/n/ac/6, dual-band","5.3, A2DP, LE","GPS (L1+L5), GLONASS (G1), BDS (B1I+B1c+B2a), GALILEO (E1+E5a), QZSS (L1+L5)","Yes, eSE, HCE",No,USB Type-C 2.0,"Fingerprint (under display, optical), accelerometer, gyro, proximity, compass, color spectrum","Li-Po 5000 mAh, non-removable","Black, Glacier Blue",PHK110,About 390 EUR,
https://www.gsmarena.com/oneplus_11-11893.php,https://fdn2.gsmarena.com/vv/bigpic/oneplus-11.jpg,OnePlus 11,"Released 2023, January 09","205g, 8.5mm thickness","Android 13, OxygenOS 13, ColorOS 13","128GB/256GB/512GB storage, no card slot","6.7""",1440x3216 pixels,8/16 GB RAM,5000 mAh Li-Po,"50 MP, f/1.8, 24mm (wide), 1/1.56"", 1.0µm, multi-directional PDAF, OIS","56,999",GSM 850 / 900 / 1800 / 1900 - SIM 1 & SIM 2 (dual-SIM model only),HSDPA 800 / 850 / 900 / 1700(AWS) / 1900 / 2100,"1, 2, 3, 4, 5, 7, 8, 12, 13, 17, 18, 19, 20, 25, 26, 28, 30, 32, 38, 39, 41, 40, 46, 48, 66, 71 - International","1, 2, 3, 5, 7, 8, 20, 25, 28, 30, 38, 40, 41, 66, 71, 75, 77, 78 SA/NSA - International","HSPA, LTE-A (CA), 5G","2023, January 04","Available. Released 2023, January 09",163.1 x 74.1 x 8.5 mm (6.42 x 2.92 x 0.33 in),205 g (7.23 oz),"Glass front (Gorilla Glass Victus), glass back (Gorilla Glass 5), aluminum frame","Single SIM (Nano-SIM) or Dual SIM (2x Nano-SIM, eSIM, dual stand-by)","LTPO3 Fluid AMOLED, 1B colors, 120Hz, Dolby Vision, HDR10+, 500 nits (typ), 800 nits (HBM), 1300 nits (peak)","6.7 inches, 108.4 cm(~89.7% screen-to-body ratio)","1440 x 3216 pixels, 20:9 ratio (~525 ppi density)",Corning Gorilla Glass Victus,"Android 13, OxygenOS 13 (International), ColorOS 13 (China)",Qualcomm SM8550-AB Snapdragon 8 Gen 2 (4 nm),Octa-core (1x3.2 GHz Cortex-X3 & 2x2.8 GHz Cortex-A715 & 2x2.8 GHz Cortex-A710 & 3x2.0 GHz Cortex-A510),Adreno 740,No,"128GB 8GB RAM, 256GB 12GB RAM, 256GB 16GB RAM, 512GB 16GB RAM",UFS 3.1 - 128GB only,"Hasselblad Color Calibration, Dual-LED flash, HDR, panorama","8K@24fps, 4K@30/60fps, 1080p@30/60/240fps, Auto HDR, gyro-EIS","16 MP, f/2.5, 25mm (wide), 1.0µm","Auto-HDR, panorama","1080p@30fps, gyro-EIS",24-bit/192kHz audio,"Wi-Fi 802.11 a/b/g/n/ac/6/7, dual-band, Wi-Fi Direct","5.3, A2DP, LE, aptX HD","GPS (L1+L5), GLONASS (G1), BDS (B1I+B1c+B2a), GALILEO (E1+E5a), QZSS (L1+L5)","Yes, eSE, HCE",No,"USB Type-C 2.0, OTG","Fingerprint (under display, optical), accelerometer, gyro, proximity, compass, color spectrum","Li-Po 5000 mAh, non-removable","Titan Black, Eternal Green","PHB110, CPH2449, CPH2447",,AnTuTu: 1140661 (v9)
https://www.gsmarena.com/oneplus_nord_n300-11949.php,https://fdn2.gsmarena.com/vv/bigpic/oneplus-nord-n300-5g.jpg,OnePlus Nord N300,"Released 2022, November 03","190g, 8mm thickness","Android 12, OxygenOS","64GB storage, microSDXC","6.56""",720x1612 pixels,4 GB RAM,5000 mAh Li-Po,"48 MP, f/1.8, (wide), PDAF","18,990",GSM 850 / 900 / 1800 / 1900,HSDPA 850 / 900 / 1700(AWS) / 1900 / 2100,"1, 2, 3, 4, 5, 7, 8, 12, 13, 17, 20, 25, 26, 28, 38, 39, 40, 41, 66, 71","2, 25, 41, 66, 71, 77 SA/NSA","HSPA 42.2/5.76 Mbps, LTE Cat13 390/150 Mbps, 5G","2022, October 24","Available. Released 2022, November 03",163.8 x 75.1 x 8 mm (6.45 x 2.96 x 0.31 in),190 g (6.70 oz),"Glass front, plastic frame, plastic back",Nano-SIM,"IPS LCD, 90Hz","6.56 inches, 103.4 cm(~84.0% screen-to-body ratio)","720 x 1612 pixels, 20:9 ratio (~269 ppi density)",,"Android 12, OxygenOS",Mediatek MT6833P Dimensity 810 (6 nm),Octa-core (2x2.4 GHz Cortex-A76 & 6x2.0 GHz Cortex-A55),Mali-G57 MC2,microSDXC,64GB 4GB RAM,UFS 2.2,"LED flash, HDR, panorama",1080p@30fps,"16 MP, f/2.0, (wide)",HDR,1080p@30fps,"Wi-Fi 802.11 a/b/g/n/ac, dual-band","5.3, A2DP, LE","GPS, GLONASS, GALILEO",Yes,Unspecified,"USB Type-C 2.0, OTG","Fingerprint (side-mounted), accelerometer, gyro, proximity, compass, barometer","Li-Po 5000 mAh, non-removable",Midnight Jade,About 230 EUR,AnTuTu: 335440 (v9),,
https://www.gsmarena.com/oneplus_ace_pro-11745.php,https://fdn2.gsmarena.com/vv/bigpic/oneplus-10t-5g.jpg,OnePlus Ace Pro,"Released 2022, August 15","203.5g, 8.8mm thickness","Android 12, ColorOS 12.1","256GB/512GB storage, no card slot","6.7""",1080x2412 pixels,12/16 GB RAM,4800 mAh Li-Po,"50 MP, f/1.8, 24mm (wide), 1/1.56"", 1.0µm, PDAF, OIS","47,990",GSM 850 / 900 / 1800 / 1900 - SIM 1 & SIM 2,HSDPA 800 / 850 / 900 / 1700(AWS) / 1900 / 2100,"1, 2, 3, 4, 5, 7, 8, 18, 19, 20, 26, 28, 34, 38, 39, 40, 41","1, 3, 5, 8, 20, 28, 38, 40, 41, 77, 78 SA/NSA","HSPA, LTE-A, 5G","2022, August 09","Available. Released 2022, August 15",163 x 75.4 x 8.8 mm (6.42 x 2.97 x 0.35 in),203.5 g (7.20 oz),"Glass front (Gorilla Glass 5), plastic frame, glass back","Dual SIM (Nano-SIM, dual stand-by)","Fluid AMOLED, 1B colors, 120Hz, HDR10+, 500 nits (typ), 800 nits (HBM), 950 nits (peak)","6.7 inches, 108.0 cm(~87.9% screen-to-body ratio)","1080 x 2412 pixels, 20:9 ratio (~394 ppi density)",Corning Gorilla Glass 5,"Android 12, ColorOS 12.1",Qualcomm SM8475 Snapdragon 8+ Gen 1 (4 nm),Octa-core (1x3.19 GHz Cortex-X2 & 3x2.75 GHz Cortex-A710 & 4x1.80 GHz Cortex-A510),Adreno 730,No,"256GB 12GB RAM, 256GB 16GB RAM, 512GB 16GB RAM",UFS 3.1,"Dual LED flash, HDR, panorama","4K@30/60fps, 1080p@30/60/240fps, gyro-EIS","16 MP, f/2.4, 24mm (wide), 1/3"", 1.0µm",HDR,1080p@30fps,24-bit/192kHz audio,"Wi-Fi 802.11 a/b/g/n/ac/6, dual-band, Wi-Fi Direct","5.2, A2DP, LE, aptX HD","GPS (L1+L5), GLONASS (L1), BDS (B1I+B1c+B2a), GALILEO (E1+E5a), QZSS (L1+L5)",Yes,No,USB Type-C 2.0,"Fingerprint (under display, optical), accelerometer, gyro, proximity, compass, color spectrum","Li-Po 4800 mAh, non-removable","Moonstone Black, Jade Green, Genshin Impact",About 500 EUR,,
https://www.gsmarena.com/oneplus_nord_n20_se-11738.php,https://fdn2.gsmarena.com/vv/bigpic/oneplus-nord-n20-se.jpg,OnePlus Nord N20 SE,"Released 2022, August 08","187g, 8mm thickness","Android 12, OxygenOS 12.1","64GB storage, microSDXC","6.56""",720x1612 pixels,4 GB RAM,5000 mAh Li-Po,"50 MP, f/1.8, (wide), 1/2.76"", 0.64µm, PDAF","13,999",GSM 850 / 900 / 1800 / 1900 - SIM 1 & SIM 2,HSDPA 850 / 900 / 2100 - Global,"1, 3, 5, 7, 8, 20, 28, 38, 40, 41 - Global","HSPA, LTE",,"2022, August 05","Available. Released 2022, August 08",163.8 x 75 x 8 mm (6.45 x 2.95 x 0.31 in),187 g (6.60 oz),"Glass front, plastic frame, plastic back","Dual SIM (Nano-SIM, dual stand-by)","IPS LCD, 480 nits (typ), 600 nits (HBM)","6.56 inches, 103.4 cm(~84.2% screen-to-body ratio)","720 x 1612 pixels, 20:9 ratio (~269 ppi density)",,"Android 12, OxygenOS 12.1",Mediatek MT6765G Helio G35 (12 nm),Octa-core (4x2.3 GHz Cortex-A53 & 4x1.8 GHz Cortex-A53),PowerVR GE8320,microSDXC,64GB 4GB RAM,eMMC 5.1,"LED flash, HDR, panorama",1080p@30fps,"8 MP, f/2.0, 26mm (wide), 1/4"", 1.12µm",1080p@30fps,"Wi-Fi 802.11 a/b/g/n/ac, dual-band, Wi-Fi Direct","5.3, A2DP, LE, aptX HD","GPS, GLONASS, BDS, GALILEO, QZSS",No,No,"USB Type-C 2.0, OTG","Fingerprint (side-mounted), accelerometer, proximity, compass","Li-Po 5000 mAh, non-removable","Blue Oasis, Celestial Black",CPH2469,,,,
https://www.gsmarena.com/oneplus_10t-11622.php,https://fdn2.gsmarena.com/vv/bigpic/oneplus-10t-5g.jpg,OnePlus 10T,"Released 2022, August 06","204g, 8.8mm thickness","Android 12, OxygenOS 13","128GB/256GB storage, no card slot","6.7""",1080x2412 pixels,8/6 GB RAM,4800 mAh Li-Po,"50 MP, f/1.8, 24mm (wide), 1/1.56"", 1.0µm, PDAF, OIS","49,999",GSM 850 / 900 / 1800 / 1900 - SIM 1 & SIM 2,HSDPA 800 / 850 / 900 / 1700(AWS) / 1900 / 2100,"1, 2, 3, 4, 5, 7, 8, 12, 13, 17, 18, 19, 20, 25, 26, 28, 30, 32, 38, 39, 41, 46, 48, 66, 71 - International","1, 2, 3, 5, 7, 8, 20, 25, 28, 30, 38, 41, 48, 66, 71, 77 SA/NSA - International","HSPA 42.2/5.76 Mbps, LTE-A (4CA), Cat20 2000/200 Mbps, 5GHSPA 42.2/5.76 Mbps, LTE-A (3CA), Cat16 1000/150 Mbps, 5G - India","2022, August 03","Available. Released 2022, August 06",163 x 75.4 x 8.8 mm (6.42 x 2.97 x 0.35 in),204 g (7.20 oz),"Glass front (Gorilla Glass 5), plastic frame, glass back (Gorilla Glass 5)","Dual SIM (Nano-SIM, dual stand-by)","Fluid AMOLED, 1B colors, 120Hz, HDR10+","6.7 inches, 108.0 cm(~87.9% screen-to-body ratio)","1080 x 2412 pixels, 20:9 ratio (~394 ppi density)",Corning Gorilla Glass 5,"Android 12, OxygenOS 13",Qualcomm SM8475 Snapdragon 8+ Gen 1 (4 nm),Octa-core (1x3.19 GHz Cortex-X2 & 3x2.75 GHz Cortex-A710 & 4x1.80 GHz Cortex-A510),Adreno 730,No,"128GB 8GB RAM, 256GB 12GB RAM, 256GB 16GB RAM",UFS 3.1,"Dual LED flash, HDR, panorama","4K@30/60fps, 1080p@30/60/240fps, gyro-EIS","16 MP, f/2.4, 24mm (wide), 1/3"", 1.0µm",HDR,1080p@30fps,24-bit/192kHz audio,"Wi-Fi 802.11 a/b/g/n/ac/6, dual-band, Wi-Fi Direct","5.2, A2DP, LE, aptX HD","GPS (L1+L5), GLONASS (L1), BDS (B1I+B1c+B2a), GALILEO (E1+E5a), QZSS (L1+L5)",Yes,No,USB Type-C 2.0,"Fingerprint (under display, optical), accelerometer, gyro, proximity, compass, color spectrum","Li-Po 4800 mAh, non-removable","Moonstone Black, Jade Green","CPH2415, CPH2413, CPH2417",,AnTuTu: 1016958 (v9)
https://www.gsmarena.com/oneplus_nord_2t-11517.php,https://fdn2.gsmarena.com/vv/bigpic/oneplus-nord-2t.jpg,OnePlus Nord 2T,"Released 2022, May 21","190g, 8.2mm thickness","Android 12, up to Android 13, OxygenOS 13","128GB/256GB storage, no card slot","6.43""",1080x2400 pixels,8/12 GB RAM,4500 mAh Li-Po,"50 MP, f/1.9, 24mm (wide), 1/1.56"", 1.0µm, PDAF, OIS","28,999",GSM 850 / 900 / 1800 / 1900 - SIM 1 & SIM 2,HSDPA 800 / 850 / 900 / 1700(AWS) / 1800 / 1900 / 2100,"1, 2, 3, 4, 5, 7, 8, 12, 17, 18, 19, 20, 26, 28, 32, 34, 38, 39, 40, 41, 66","1, 3, 7, 8, 20, 28, 38, 41, 78 SA/NSA","HSPA 42.2/5.76 Mbps, LTE-A (CA) Cat18 1200/150 Mbps, 5G","2022, May 19","Available. Released 2022, May 21",159.1 x 73.2 x 8.2 mm (6.26 x 2.88 x 0.32 in),190 g (6.70 oz),"Glass front (Gorilla Glass 5), plastic frame","Dual SIM (Nano-SIM, dual stand-by)","AMOLED, 90Hz, HDR10+","6.43 inches, 99.8 cm(~85.7% screen-to-body ratio)","1080 x 2400 pixels, 20:9 ratio (~409 ppi density)",Corning Gorilla Glass 5,"Android 12, upgradable to Android 13, OxygenOS 13",Mediatek Dimensity 1300 (6 nm),Octa-core (1x3.0 GHz Cortex-A78 & 3x2.6 GHz Cortex-A78 & 4x2.0 GHz Cortex-A55),Mali-G77 MC9,No,"128GB 8GB RAM, 256GB 12GB RAM",UFS 3.1,"Dual-LED flash, HDR, panorama","4K@30fps, 1080p@30/60/120/480fps, gyro-EIS","32 MP, f/2.4, (wide), 1/2.8"", 0.8µm",Auto HDR,"1080p@30fps, gyro-EIS","Wi-Fi 802.11 a/b/g/n/ac/6, dual-band, Wi-Fi Direct","5.2, A2DP, LE, aptX HD","GPS, GLONASS, GALILEO, BDS, NavIC",Yes,No,"USB Type-C 2.0, OTG","Fingerprint (under display, optical), accelerometer, gyro, proximity, compass","Li-Po 4500 mAh, non-removable","Gray Shadow, Jade Fog","CPH2399, CPH2401",,AnTuTu: 490545 (v8) | 604467 (v9),
https://www.gsmarena.com/oneplus_ace_racing-11529.php,https://fdn2.gsmarena.com/vv/bigpic/oneplus-ace-race.jpg,OnePlus Ace Racing,"Released 2022, May 31","205g, 8.7mm thickness","Android 12, ColorOS 12.1","128GB/256GB storage, no card slot","6.59""",1080x2412 pixels,8/12 GB RAM,5000 mAh Li-Po,"64 MP, f/1.7, 25mm (wide), PDAF","23,090",GSM 850 / 900 / 1800 / 1900 - SIM 1 & SIM 2,HSDPA 850 / 900 / 1700(AWS) / 1900 / 2100,"1, 3, 4, 5, 7, 8, 18, 19, 28, 34, 38, 39, 40, 41","1, 3, 5, 8, 28, 41, 77, 78 SA/NSA","HSPA, LTE-A, 5G","2022, May 17","Available. Released 2022, May 31",164.3 x 75.8 x 8.7 mm (6.47 x 2.98 x 0.34 in),205 g (7.23 oz),,"Dual SIM (Nano-SIM, dual stand-by)","IPS LCD, 120Hz, 480 nits (typ), 600 (HBM)","6.59 inches, 104.5 cm(~83.9% screen-to-body ratio)","1080 x 2412 pixels, 20:9 ratio (~401 ppi density)",,"Android 12, ColorOS 12.1",Mediatek Dimensity 8100-Max (5 nm),Octa-core (4x2.85 GHz Cortex-A78 & 4x2.0 GHz Cortex-A55),Mali-G610 MC6,No,"128GB 8GB RAM, 256GB 8GB RAM, 256GB 12GB RAM",UFS 3.1,"LED flash, HDR, panorama","4K@30fps, 1080p@30/60/120fps, gyro-EIS","16 MP, f/2.1, 26mm (wide), 1/3.09"", 1.0µm",HDR,"1080p@30fps, gyro-EIS","Wi-Fi 802.11 a/b/g/n/ac/6, dual-band, Wi-Fi Direct","5.3, A2DP, LE, aptX HD","GPS, GLONASS, GALILEO, BDS, QZSS",Yes,No,USB Type-C 2.0,"Fingerprint (side-mounted), accelerometer, gyro, proximity, compass","Li-Po 5000 mAh, non-removable","Black, Blue",About 280 EUR,,,
https://www.gsmarena.com/oneplus_nord_n20_5g-11218.php,https://fdn2.gsmarena.com/vv/bigpic/oneplus-nord-n20-5g-.jpg,OnePlus Nord N20 5G,"Released 2022, April 28","173g, 7.5mm thickness","Android 11, OxygenOS 11","128GB storage, microSDXC","6.43""",1080x2400 pixels,6 GB RAM,4500 mAh Li-Po,"64 MP, f/1.8, (wide), PDAF","21,590",GSM 850 / 900 / 1800 / 1900,HSDPA 850 / 900 / 1700(AWS) / 1900 / 2100,"1, 2, 3, 4, 5, 7, 8, 12, 13, 17, 20, 25, 26, 28, 38, 39, 40, 41, 66, 71","2, 25, 41, 66, 71 SA/NSA","HSPA 42.2/5.76 Mbps, LTE-A Cat15 800/200 Mbps, 5G","2022, April 28","Available. Released 2022, April 28",159.9 x 73.2 x 7.5 mm (6.30 x 2.88 x 0.30 in),173 g (6.10 oz),"Glass front (Schott Xensation Up), plastic frame, plastic back",Nano-SIM,AMOLED,"6.43 inches, 99.8 cm(~85.3% screen-to-body ratio)","1080 x 2400 pixels, 20:9 ratio (~409 ppi density)",Schott Xensation Up,"Android 11, OxygenOS 11",Qualcomm SM6375 Snapdragon 695 5G (6 nm),Octa-core (2x2.2 GHz Kryo 660 Gold & 6x1.7 GHz Kryo 660 Silver),Adreno 619,microSDXC (dedicated slot),128GB 6GB RAM,UFS 2.2,"LED flash, HDR, panorama",1080p@30fps,"16 MP, f/2.4, (wide)",HDR,1080p@30fps,"Wi-Fi 802.11 a/b/g/n/ac, dual-band, Wi-Fi Direct","5.1, A2DP, LE","GPS (L1+L5), GLONASS, GALILEO, BDS",Yes,No,"USB Type-C 2.0, OTG","Fingerprint (under display, optical), accelerometer, gyro, proximity, compass, barometer","Li-Po 4500 mAh, non-removable",Blue,"GN2200, CPH2459",,"AnTuTu: 316974 (v8), 380672 (v9)",
https://www.gsmarena.com/oneplus_10r_150w-11598.php,https://fdn2.gsmarena.com/vv/bigpic/oneplus-10r.jpg,OnePlus 10R 150W,"Released 2022, May 04","186g, 8.2mm thickness","Android 12, up to Android 13, OxygenOS 13","256GB storage, no card slot","6.7""",1080x2412 pixels,12 GB RAM,4500 mAh Li-Po,"50 MP, f/1.8, 24mm (wide), 1/1.56"", 1.0µm, PDAF, OIS","39,850",GSM 850 / 900 / 1800 / 1900 - SIM 1 & SIM 2,HSDPA 800 / 850 / 900 / 1700(AWS) / 1900 / 2100,"1, 2, 3, 4, 5, 7, 8, 18, 19, 26, 28, 34, 38, 39, 40, 41","1, 3, 5, 8, 28, 40, 41, 77, 78 SA/NSA","HSPA 42.2/5.76 Mbps, LTE-A (4CA), Cat12 600/150 Mbps, 5G","2022, April 28","Available. Released 2022, May 04",163.3 x 75.5 x 8.2 mm (6.43 x 2.97 x 0.32 in),186 g (6.56 oz),"Glass front (Gorilla Glass 5), plastic frame, plastic back","Dual SIM (Nano-SIM, dual stand-by)","Fluid AMOLED, 1B colors, 120Hz, HDR10+","6.7 inches, 108.0 cm(~87.6% screen-to-body ratio)","1080 x 2412 pixels, 20:9 ratio (~394 ppi density)",Corning Gorilla Glass 5,"Android 12, upgradable to Android 13, OxygenOS 13",Mediatek Dimensity 8100-Max (5 nm),Octa-core (4x2.85 GHz Cortex-A78 & 4x2.0 GHz Cortex-A55),Mali-G610 MC6,No,256GB 12GB RAM,UFS 3.1,"LED flash, HDR, panorama","4K@30fps, 1080p@30/60/120fps, gyro-EIS","16 MP, f/2.4, 26mm (wide), 1/3.09"", 1.0µm",HDR,"1080p@30fps, gyro-EIS",24-bit/192kHz audio,"Wi-Fi 802.11 a/b/g/n/ac/6, dual-band, Wi-Fi Direct","5.2, A2DP, LE","GPS (L1+L5), GLONASS (G1), BDS (B1), GALILEO (E1+E5a)",Yes,No,USB Type-C 2.0,"Fingerprint (under display, optical), accelerometer, gyro, proximity, compass, color spectrum","Li-Po 4500 mAh, non-removable","Sierra Black, Forest Green",About 340 EUR,,
https://www.gsmarena.com/oneplus_10r-11445.php,https://fdn2.gsmarena.com/vv/bigpic/oneplus-10r.jpg,OnePlus 10R,"Released 2022, May 04","186g, 8.2mm thickness","Android 12, up to Android 13, OxygenOS 13","128GB/256GB storage, no card slot","6.7""",1080x2412 pixels,8/12 GB RAM,5000 mAh Li-Po,"50 MP, f/1.8, 24mm (wide), 1/1.56"", 1.0µm, PDAF, OIS","32,999",GSM 850 / 900 / 1800 / 1900 - SIM 1 & SIM 2,HSDPA 800 / 850 / 900 / 1700(AWS) / 1900 / 2100,"1, 2, 3, 4, 5, 7, 8, 18, 19, 26, 28, 34, 38, 39, 40, 41","1, 3, 5, 8, 28, 40, 41, 77, 78 SA/NSA","HSPA 42.2/5.76 Mbps, LTE-A (4CA), Cat12 600/150 Mbps, 5G","2022, April 28","Available. Released 2022, May 04",163.3 x 75.5 x 8.2 mm (6.43 x 2.97 x 0.32 in),186 g (6.56 oz),"Glass front (Gorilla Glass 5), plastic frame, plastic back","Dual SIM (Nano-SIM, dual stand-by)","Fluid AMOLED, 1B colors, 120Hz, HDR10+","6.7 inches, 108.0 cm(~87.6% screen-to-body ratio)","1080 x 2412 pixels, 20:9 ratio (~394 ppi density)",Corning Gorilla Glass 5,"Android 12, upgradable to Android 13, OxygenOS 13",Mediatek Dimensity 8100-Max (5 nm),Octa-core (4x2.85 GHz Cortex-A78 & 4x2.0 GHz Cortex-A55),Mali-G610 MC6,No,"128GB 8GB RAM, 256GB 8GB RAM, 256GB 12GB RAM",UFS 3.1,"LED flash, HDR, panorama","4K@30fps, 1080p@30/60/120fps, gyro-EIS","16 MP, f/2.4, 26mm (wide), 1/3.09"", 1.0µm",HDR,"1080p@30fps, gyro-EIS",24-bit/192kHz audio,"Wi-Fi 802.11 a/b/g/n/ac/6, dual-band, Wi-Fi Direct","5.2, A2DP, LE","GPS (L1+L5), GLONASS (G1), BDS (B1), GALILEO (E1+E5a)",Yes,No,USB Type-C 2.0,"Fingerprint (under display, optical), accelerometer, gyro, proximity, compass, color spectrum","Li-Po 5000 mAh, non-removable","Sierra Black, Forest Green, Prime Blue",CPH2411,,
https://www.gsmarena.com/oneplus_nord_ce_2_lite_5g-11344.php,https://fdn2.gsmarena.com/vv/bigpic/oneplus-nord-ce-2-lite-5g-0.jpg,OnePlus Nord CE 2 Lite 5G,"Released 2022, April 30","195g, 8.5mm thickness","Android 12, up to Android 13, OxygenOS 13","128GB storage, microSDXC","6.59""",1080x2412 pixels,6/8 GB RAM,5000 mAh Li-Po,"64 MP, f/1.7, 26mm (wide), 0.7µm, PDAF","18,999",GSM 850 / 900 / 1800 / 1900 - SIM 1 & SIM 2,HSDPA 800 / 850 / 900 / 1700(AWS) / 1900 / 2100,"1, 2, 3, 4, 5, 7, 8, 12, 13, 17, 18, 19, 20, 26, 28, 38, 39, 40, 41, 66 - Europe","1, 3, 5, 7, 8, 20, 28, 38, 40, 41, 66, 77, 78 SA/NSA - Europe","HSPA, LTE-A (CA), 5G","2022, April 28","Available. Released 2022, April 30",164.3 x 75.6 x 8.5 mm (6.47 x 2.98 x 0.33 in),195 g (6.88 oz),"Glass front, plastic frame, plastic back","Dual SIM (Nano-SIM, dual stand-by)","IPS LCD, 120Hz","6.59 inches, 104.5 cm(~84.1% screen-to-body ratio)","1080 x 2412 pixels, 20:9 ratio (~401 ppi density)",,"Android 12, upgradable to Android 13, OxygenOS 13",Qualcomm SM6375 Snapdragon 695 5G (6 nm),Octa-core (2x2.2 GHz Kryo 660 Gold & 6x1.7 GHz Kryo 660 Silver),Adreno 619,microSDXC (uses shared SIM slot),"128GB 6GB RAM, 128GB 8GB RAM",UFS 2.2,"LED flash, HDR, panorama",1080p@30fps,"16 MP, f/2.0, (wide), 1/3.0"", 1.0µm",HDR,1080p@30fps,"Wi-Fi 802.11 a/b/g/n/ac, dual-band, Wi-Fi Direct","5.2, A2DP, LE, aptX HD","GPS, GLONASS, GALILEO, BDS, QZSS",Yes (market/region dependent),Unspecified,"USB Type-C 2.0, OTG","Fingerprint (side-mounted), accelerometer, gyro, proximity, compass","Li-Po 5000 mAh, non-removable","Black Dusk, Blue Tide","CPH2381, CPH2409",,,
https://www.gsmarena.com/oneplus_ace-11488.php,https://fdn2.gsmarena.com/vv/bigpic/oneplus-ace.jpg,OnePlus Ace,"Released 2022, April 26","186g, 8.2mm thickness","Android 12, ColorOS 12.1","128GB/256GB/512GB storage, no card slot","6.7""",1080x2412 pixels,8/12 GB RAM,4500 mAh Li-Po,"50 MP, f/1.9, 24mm (wide), 1/1.56"", 1.0µm, PDAF, OIS","28,990",GSM 850 / 900 / 1800 / 1900 - SIM 1 & SIM 2,HSDPA 800 / 850 / 900 / 1700(AWS) / 1900 / 2100,"1, 2, 3, 4, 5, 7, 8, 18, 19, 26, 28, 34, 38, 39, 40, 41","1, 3, 5, 8, 28, 40, 41, 77, 78 SA/NSA","HSPA, LTE-A, 5G","2022, April 21","Available. Released 2022, April 26",163.3 x 75.5 x 8.2 mm (6.43 x 2.97 x 0.32 in),186 g (6.56 oz),"Glass front (Gorilla Glass 5), plastic frame","Dual SIM (Nano-SIM, dual stand-by)","OLED, 1B colors, 120Hz, HDR10+, 500 nits (typ), 800 nits (HBM), 950 nits (peak)","6.7 inches, 108.0 cm(~87.6% screen-to-body ratio)","1080 x 2412 pixels, 20:9 ratio (~394 ppi density)",Corning Gorilla Glass 5,"Android 12, ColorOS 12.1",Mediatek Dimensity 8100-Max (5 nm),Octa-core (4x2.85 GHz Cortex-A78 & 4x2.0 GHz Cortex-A55),Mali-G610 MC6,No,"128GB 8GB RAM, 256GB 8GB RAM, 256GB 12GB RAM, 512GB 12GB RAM",UFS 3.1,"LED flash, HDR, panorama","4K@30/60fps, 1080p@30/60/240fps, gyro-EIS","16 MP, f/2.4, 26mm (wide), 1/3.09"", 1.0µm",HDR,"1080p@30fps, gyro-EIS","Wi-Fi 802.11 a/b/g/n/ac/6, dual-band, Wi-Fi Direct","5.2, A2DP, LE","GPS, GLONASS, GALILEO, BDS",Yes,No,USB Type-C 2.0,"Fingerprint (under display, optical), accelerometer, gyro, proximity, compass, color spectrum","Li-Po 4500 mAh, non-removable","Black, Blue",PGKM10,About 360 EUR,,
https://www.gsmarena.com/oneplus_10_pro-11234.php,https://fdn2.gsmarena.com/vv/bigpic/oneplus-10-pro.jpg,OnePlus 10 Pro,"Released 2022, January 13","201g, 8.6mm thickness","Android 12, up to 13, OxygenOS 13, ColorOS","128GB/256GB/512GB storage, no card slot","6.7""",1440x3216 pixels,8/12 GB RAM,5000 mAh Li-Po,"48 MP, f/1.8, 23mm (wide), 1/1.43"", 1.12µm, multi-directional PDAF, Laser AF, OIS","66,999",GSM 850 / 900 / 1800 / 1900 - SIM 1 & SIM 2 (dual-SIM model only),HSDPA 800 / 850 / 900 / 1700(AWS) / 1900 / 2100,"1, 2, 3, 4, 5, 7, 8, 12, 13, 17, 18, 19, 20, 25, 26, 28, 30, 32, 38, 39, 40, 41, 46, 48, 66, 71 - International","1, 2, 3, 5, 7, 8, 20, 25, 28, 30, 38, 40, 41, 48, 66, 71, 77, 78 SA/NSA - International","HSPA 42.2/5.76 Mbps, LTE-A (4CA) Cat18 1200/200 Mbps, 5G","2022, January 11","Available. Released 2022, January 13",163 x 73.9 x 8.6 mm (6.42 x 2.91 x 0.34 in),201 g (7.09 oz),"Glass front (Gorilla Glass Victus), glass back (Gorilla Glass 5), aluminum frame","Single SIM (Nano-SIM) or Dual SIM (Nano-SIM, dual stand-by)","LTPO2 Fluid AMOLED, 1B colors, 120Hz, HDR10+, 500 nits (typ), 800 nits (HBM), 1300 nits (peak)","6.7 inches, 108.4 cm(~90.0% screen-to-body ratio)","1440 x 3216 pixels, 20:9 ratio (~525 ppi density)",Corning Gorilla Glass Victus,"Android 12, upgradable to Android 13, OxygenOS 13 (International), ColorOS (China)",Qualcomm SM8450 Snapdragon 8 Gen 1 (4 nm),Octa-core (1x3.00 GHz Cortex-X2 & 3x2.50 GHz Cortex-A710 & 4x1.80 GHz Cortex-A510),Adreno 730,No,"128GB 8GB RAM, 256GB 8GB RAM, 256GB 12GB RAM, 512GB 12GB RAM",UFS 3.1,"Hasselblad Color Calibration, Dual-LED dual-tone flash, HDR, panorama","8K@24fps, 4K@30/60/120fps, 1080p@30/60/240fps, Auto HDR, gyro-EIS","32 MP, f/2.2, (wide), 1/2.74"", 0.8µm",Auto-HDR,"1080p@30fps, gyro-EIS",24-bit/192kHz audio,"Wi-Fi 802.11 a/b/g/n/ac/6, dual-band, Wi-Fi Direct","5.2, A2DP, LE, aptX HD","GPS (L1+L5), GLONASS (G1), BDS (B1), GALILEO (E1+E5a)",Yes,No,"USB Type-C 3.1, OTG","Fingerprint (under display, optical), accelerometer, gyro, proximity, compass, color spectrum, barometer","Li-Po 5000 mAh, non-removable","Volcanic Black, Emerald Forest, Panda White (Extreme Edition)","NE2210, NE2211, NE2213, NE2215, NE2217",,AnTuTu: 886248 (v9)
https://www.gsmarena.com/oneplus_nord_ce_2_5g-11269.php,https://fdn2.gsmarena.com/vv/bigpic/oneplus-nord-ce-2-5g.jpg,OnePlus Nord CE 2 5G,"Released 2022, February 22","173g, 7.8mm thickness","Android 11, up to Android 13, OxygenOS 13","128GB storage, microSDXC","6.43""",1080x2400 pixels,6/8 GB RAM,4500 mAh Li-Po,"64 MP, f/1.8, 26mm (wide), 1/1.97"", 0.7µm, PDAF","23,499",GSM 850 / 900 / 1800 / 1900 - SIM 1 & SIM 2,HSDPA 850 / 900 / 1700(AWS) / 1900 / 2100,"1, 2, 3, 4, 5, 7, 8, 12, 17, 18, 19, 20, 26, 28, 38, 39, 40, 41, 66 - Europe","1, 3, 5, 7, 8, 20, 28, 38, 40, 41, 66, 77, 78 SA/NSA - Europe","HSPA 42.2/5.76 Mbps, LTE-A (CA) Cat18 1200/150 Mbps, 5G","2022, February 17","Available. Released 2022, February 22",160.6 x 73.2 x 7.8 mm (6.32 x 2.88 x 0.31 in),173 g (6.10 oz),,"Dual SIM (Nano-SIM, dual stand-by)","AMOLED, 90Hz, HDR10+","6.43 inches, 99.8 cm(~84.9% screen-to-body ratio)","1080 x 2400 pixels, 20:9 ratio (~409 ppi density)",Corning Gorilla Glass 5,"Android 11, upgradable to Android 13, OxygenOS 13",Mediatek MT6877 Dimensity 900 (6 nm),Octa-core (2x2.4 GHz Cortex-A78 & 6x2.0 GHz Cortex-A55),Mali-G68 MC4,microSDXC (dedicated slot),"128GB 6GB RAM, 128GB 8GB RAM",UFS 2.2,"LED flash, HDR, panorama","4K@30fps, 1080p@30/60/120fps, gyro-EIS","16 MP, f/2.4, 27mm (wide), 1.0µm",HDR,"1080p@30/60fps, gyro-EIS","Wi-Fi 802.11 a/b/g/n/ac/6, dual-band, Wi-Fi Direct","5.2, A2DP, LE, aptX HD","GPS, GLONASS, GALILEO, BDS, QZSS",Yes,Unspecified,"USB Type-C 2.0, OTG","Fingerprint (under display, optical), accelerometer, gyro, proximity, compass","Li-Po 4500 mAh, non-removable","Gray Mirror, Bahama Blue",IV2201,,,
https://www.gsmarena.com/oneplus_9rt_5g-11148.php,https://fdn2.gsmarena.com/vv/bigpic/oneplus-9-rt-r.jpg,OnePlus 9RT 5G,"Released 2021, October 19","198.5g, 8.3mm thickness","Android 11, up to Android 13, OxygenOS 13","128GB/256GB storage, no card slot","6.62""",1080x2400 pixels,8/12 GB RAM,4500 mAh Li-Po,"50 MP, f/1.8, 24mm (wide), 1/1.56”, 1.0µm, PDAF, OIS","46,999",GSM 850 / 900 / 1800 / 1900 - SIM 1 & SIM 2,HSDPA 800 / 850 / 900 / 1700(AWS) / 1800 / 1900 / 2100,"1, 2, 3, 4, 5, 7, 8, 12, 17, 18, 19, 20, 26, 28, 34, 38, 39, 40, 41 - Global","1, 3, 5, 8, 28, 40, 41, 78 SA/NSA - Global","HSPA 42.2/5.76 Mbps, LTE-A (CA) Cat18 1200/200 Mbps, 5G","2021, October 13","Available. Released 2021, October 19",162.2 x 74.6 x 8.3 mm (6.39 x 2.94 x 0.33 in),198.5 g (7.02 oz),"Glass front (Gorilla Glass 5), glass back (Gorilla Glass 5), aluminum frame","Dual SIM (Nano-SIM, dual stand-by)","AMOLED, 120Hz, HDR10+","6.62 inches, 106.3 cm(~87.9% screen-to-body ratio)","1080 x 2400 pixels, 20:9 ratio (~397 ppi density)",Corning Gorilla Glass 5,"Android 11, upgradable to Android 13, OxygenOS 13",Qualcomm SM8350 Snapdragon 888 5G (5 nm),Octa-core (1x2.84 GHz Cortex-X1 & 3x2.42 GHz Cortex-A78 & 4x1.80 GHz Cortex-A55),Adreno 660,No,"128GB 8GB RAM, 256GB 8GB RAM, 256GB 12GB RAM",UFS 3.1,"Dual-LED flash, HDR, panorama","4K@30/60fps, 1080p@30/60/240fps, Auto HDR, gyro-EIS","16 MP, f/2.4, (wide), 1/3.06"", 1.0µm",Auto-HDR,"1080p@30fps, gyro-EIS","Wi-Fi 802.11 a/b/g/n/ac/6, dual-band, Wi-Fi Direct","5.2, A2DP, LE","GPS (L1+L5), GLONASS (G1), BDS (B1), GALILEO (E1+E5a)",Yes,No,"USB Type-C 2.0, OTG","Fingerprint (under display, optical), accelerometer, gyro, proximity, compass","Li-Po 4500 mAh, non-removable","Hacker Black, Nano Silver, Blue","MT2110, MT2111",,,
https://www.gsmarena.com/oneplus_nord_2_5g-10960.php,https://fdn2.gsmarena.com/vv/bigpic/oneplus-nord-2-5g-new.jpg,OnePlus Nord 2 5G,"Released 2021, July 28","189g, 8.3mm thickness","Android 11, OxygenOS 11.3","128GB/256GB storage, no card slot","6.43""",1080x2400 pixels,6/12 GB RAM,4500 mAh Li-Po,"50 MP, f/1.9, 24mm (wide), 1/1.56"", 1.0µm, PDAF, OIS","37,999",GSM 850 / 900 / 1800 / 1900 - SIM 1 & SIM 2,HSDPA 800 / 850 / 900 / 1700(AWS) / 1800 / 1900 / 2100,"1, 2, 3, 4, 5, 7, 8, 12, 17, 18, 19, 20, 26, 28, 32, 34, 38, 39, 40, 41, 66 - EU","1, 3, 7, 8, 20, 28, 38, 41, 66, 78 SA/NSA - EU","HSPA 42.2/5.76 Mbps, LTE-A (CA) Cat18 1200/150 Mbps, 5G","2021, July 22","Available. Released 2021, July 28",159.1 x 73.3 x 8.3 mm (6.26 x 2.89 x 0.33 in),189 g (6.67 oz),"Glass front (Gorilla Glass 5), glass back (Gorilla Glass 5), plastic frame","Dual SIM (Nano-SIM, dual stand-by)","Fluid AMOLED, 90Hz, HDR10+","6.43 inches, 99.8 cm(~85.6% screen-to-body ratio)","1080 x 2400 pixels, 20:9 ratio (~409 ppi density)",Corning Gorilla Glass 5,"Android 11, OxygenOS 11.3",Mediatek MT6893 Dimensity 1200 (6 nm),Octa-core (1x3.0 GHz Cortex-A78 & 3x2.6 GHz Cortex-A78 & 4x2.0 GHz Cortex-A55),Mali-G77 MC9,No,"128GB 6GB RAM, 128GB 8GB RAM, 256GB 8GB RAM, 256GB 12GB RAM",UFS 3.1,"Dual-LED flash, HDR, panorama","4K@30fps, 1080p@30/60/120fps, gyro-EIS","32 MP, f/2.5, (wide), 1/2.8"", 0.8µm",Auto HDR,"1080p@30fps, gyro-EIS","Wi-Fi 802.11 a/b/g/n/ac/6, dual-band, Wi-Fi Direct","5.2, A2DP, LE, aptX HD","GPS, GLONASS, GALILEO, BDS, SBAS, NavIC",Yes,No,"USB Type-C 2.0, OTG","Fingerprint (under display, optical), accelerometer, gyro, proximity, compass","Li-Po 4500 mAh, non-removable","Gray Sierra, Blue Haze, Green Wood, Pac-Man Edition","DN2101, DN2103",,AnTuTu: 512164 (v8) | 598022 (v9),
https://www.gsmarena.com/oneplus_nord_n200_5g-10961.php,https://fdn2.gsmarena.com/vv/bigpic/oneplus-nord-n200-5g.jpg,OnePlus Nord N200 5G,"Released 2021, June 25","189g, 8.3mm thickness","Android 11, OxygenOS 11","64GB storage, microSDXC","6.49""",1080x2400 pixels,4 GB RAM,5000 mAh Li-Po,"13 MP, f/2.2, (wide), PDAF","17,690",GSM 850 / 900 / 1800 / 1900,HSDPA 850 / 900 / 1700(AWS) / 1900 / 2100,"1, 2, 3, 4, 5, 7, 8, 12, 13, 17, 20, 25, 26, 28, 66, 71, 38, 39, 40, 41","2, 25, 41, 66, 71 SA/NSA/Sub6 - USA","HSPA 42.2/5.76 Mbps, LTE-A Cat15 800/150 Mbps, 5G","2021, June 21","Available. Released 2021, June 25",163.1 x 74.9 x 8.3 mm (6.42 x 2.95 x 0.33 in),189 g (6.67 oz),,Nano-SIM,"IPS LCD, 90Hz","6.49 inches, 102.2 cm(~83.7% screen-to-body ratio)","1080 x 2400 pixels, 20:9 ratio (~405 ppi density)",,"Android 11, OxygenOS 11",Qualcomm SM4350 Snapdragon 480 5G (8 nm),Octa-core (2x2.0 GHz Kryo 460 & 6x1.8 GHz Kryo 460),Adreno 619,microSDXC,64GB 4GB RAM,UFS 2.1,"LED flash, HDR, panorama","1080p@30fps, gyro-EIS","16 MP, f/2.1",HDR,1080p@30fps,"Wi-Fi 802.11 a/b/g/n/ac, dual-band","5.1, A2DP, LE","GPS (L1+L5), GLONASS, BDS, GALILEO",Yes,FM radio,"USB Type-C 2.0, OTG","Fingerprint (side-mounted), accelerometer, gyro, proximity, compass, barometer","Li-Po 5000 mAh, non-removable",Blue Quantum,"DE2118, DE2117",,,
https://www.gsmarena.com/oneplus_nord_ce_5g-10944.php,https://fdn2.gsmarena.com/vv/bigpic/oneplus-nord-ce-5g.jpg,OnePlus Nord CE 5G,"Released 2021, June 11","170g, 7.9mm thickness","Android 11, up to Android 12, OxygenOS 12","128GB/256GB storage, no card slot","6.43""",1080x2400 pixels,6/12 GB RAM,4500 mAh Li-Po,"64 MP, f/1.8, 26mm (wide), 0.7µm, PDAF","27,987",GSM 850 / 900 / 1800 / 1900 - SIM 1 & SIM 2,HSDPA 800 / 850 / 900 / 1700(AWS) / 1900 / 2100,"1, 2, 3, 4, 5, 7, 8, 12, 17, 18, 19, 20, 26, 28, 39, 40, 41, 66 - Europe","1, 3, 5, 7, 8, 20, 28, 38, 40, 41, 77, 78 SA/NSA - Europe","HSPA 42.2/5.76 Mbps, LTE-A (CA) Cat18 1200/150 Mbps, 5G","2021, June 10","Available. Released 2021, June 11",159.2 x 73.5 x 7.9 mm (6.27 x 2.89 x 0.31 in),170 g (6.00 oz),"Glass front, plastic frame, plastic back","Dual SIM (Nano-SIM, dual stand-by)","Fluid AMOLED, 90Hz","6.43 inches, 99.3 cm(~84.9% screen-to-body ratio)","1080 x 2400 pixels, 20:9 ratio (~410 ppi density)",,"Android 11, upgradable to Android 12, OxygenOS 12",Qualcomm SM7225 Snapdragon 750G 5G (8 nm),Octa-core (2x2.2 GHz Kryo 570 & 6x1.8 GHz Kryo 570),Adreno 619,No,"128GB 6GB RAM, 128GB 8GB RAM, 256GB 12GB RAM",UFS 2.1,"LED flash, HDR, panorama","4K@30fps, 1080p@30/60/120fps, gyro-EIS","16 MP, f/2.5, (wide), 1/3.0"", 1.0µm",HDR,1080p@30/60fps,"Wi-Fi 802.11 a/b/g/n/ac, dual-band, Wi-Fi Direct","5.1, A2DP, LE, aptX HD","GPS, GLONASS, GALILEO, BDS, NavIC",Yes,No,"USB Type-C 2.0, OTG","Fingerprint (under display, optical), accelerometer, gyro, proximity, compass","Li-Po 4500 mAh, non-removable","Blue Void, Charkoal Ink, Silver Ray","EB2101, EB2103",,AnTuTu: 318672 (v8) | 391770 (v9),
https://www.gsmarena.com/oneplus_9_pro-10806.php,https://fdn2.gsmarena.com/vv/bigpic/oneplus-9-pro-.jpg,OnePlus 9 Pro,"Released 2021, March 30","197g, 8.7mm thickness","Android 11, up to Android 13, OxygenOS 13","128GB/256GB storage, no card slot","6.7""",1440x3216 pixels,8/12 GB RAM,4500 mAh Li-Po,"48 MP, f/1.8, 23mm (wide), 1/1.43"", 1.12µm, multi-directional PDAF, Laser AF, OIS","51,490",GSM 850 / 900 / 1800 / 1900 - SIM 1 & SIM 2,HSDPA 800 / 850 / 900 / 1700(AWS) / 1800 / 1900 / 2100,"1, 2, 3, 4, 5, 7, 8, 12, 13, 17, 18, 19, 20, 25, 26, 28, 32, 38, 39, 40, 41, 66 - EU","1, 3, 5, 7, 8, 20, 28, 38, 40, 41, 66, 78 SA/NSA - EU","HSPA 42.2/5.76 Mbps, LTE-A (CA) Cat20 2000/200 Mbps, 5G","2021, March 23","Available. Released 2021, March 30",163.2 x 73.6 x 8.7 mm (6.43 x 2.90 x 0.34 in),197 g (6.95 oz),"Glass front (Gorilla Glass 5), glass back (Gorilla Glass 5), aluminum frame","Single SIM (Nano-SIM) or Dual SIM (Nano-SIM, dual stand-by)","LTPO Fluid2 AMOLED, 1B colors, 120Hz, HDR10+, 1300 nits (peak)","6.7 inches, 108.4 cm(~90.3% screen-to-body ratio)","1440 x 3216 pixels, 20:9 ratio (~525 ppi density)",Corning Gorilla Glass 5,"Android 11, upgradable to Android 13, OxygenOS 13",Qualcomm SM8350 Snapdragon 888 5G (5 nm),Octa-core (1x2.84 GHz Cortex-X1 & 3x2.42 GHz Cortex-A78 & 4x1.80 GHz Cortex-A55,Adreno 660,No,"128GB 8GB RAM, 256GB 8GB RAM, 256GB 12GB RAM",UFS 3.1,"Hasselblad Color Calibration, dual-LED flash, HDR, panorama","8K@30fps, 4K@30/60/120fps, 1080p@30/60/240fps, Auto HDR, gyro-EIS","16 MP, f/2.4, (wide), 1/3.06"", 1.0µm",Auto-HDR,"1080p@30fps, gyro-EIS",24-bit/192kHz audio,"Wi-Fi 802.11 a/b/g/n/ac/6, dual-band, Wi-Fi Direct, DLNA","5.2, A2DP, LE, aptX HD","GPS (L1+L5), GLONASS (G1), BDS (B1), GALILEO (E1+E5a)",Yes,No,"USB Type-C 3.1, OTG","Fingerprint (under display, optical), accelerometer, gyro, proximity, compass, color spectrum","Li-Po 4500 mAh, non-removable","Morning Mist, Forest Green, Stellar Black","LE2121, LE2125, LE2123, LE2120, LE2127",,
https://www.gsmarena.com/oneplus_9-10747.php,https://fdn2.gsmarena.com/vv/bigpic/oneplus-9-.jpg,OnePlus 9,"Released 2021, March 26","192g, (EU/NA)183g (IN/CN), 8.1mm thickness","Android 11, up to Android 13, OxygenOS 13","128GB/256GB storage, no card slot","6.55""",1080x2400 pixels,8/12 GB RAM,4500 mAh Li-Po,"48 MP, f/1.8, 23mm (wide), 1/1.43"", 1.12µm, multi-directional PDAF","37,999",GSM 850 / 900 / 1800 / 1900 - SIM 1 & SIM 2,HSDPA 800 / 850 / 900 / 1700(AWS) / 1800 / 1900 / 2100,"1, 2, 3, 4, 5, 7, 8, 12, 13, 17, 18, 19, 20, 25, 26, 28, 32, 38, 39, 40, 41, 66 - EU","1, 3, 5, 7, 8, 20, 28, 38, 40, 41, 66, 78 SA/NSA - EU","HSPA 42.2/5.76 Mbps, LTE-A (CA) Cat20 2000/200 Mbps, 5G","2021, March 23","Available. Released 2021, March 26",160 x 74.2 x 8.7 mm (EU/NA)160 x 73.9 x 8.1 mm (IN/CN),192 g (EU/NA)183 g (IN/CN) (6.46 oz),"Glass front (Gorilla Glass 5), glass back (Gorilla Glass 5), plastic frame","Single SIM (Nano-SIM) or Dual SIM (Nano-SIM, dual stand-by)","Fluid AMOLED, 120Hz, HDR10+, 1100 nits (peak)","6.55 inches, 103.6 cm(~87.6% screen-to-body ratio)","1080 x 2400 pixels, 20:9 ratio (~402 ppi density)",Corning Gorilla Glass 5,"Android 11, upgradable to Android 13, OxygenOS 13",Qualcomm SM8350 Snapdragon 888 5G (5 nm),Octa-core (1x2.84 GHz Cortex-X1 & 3x2.42 GHz Cortex-A78 & 4x1.80 GHz Cortex-A55),Adreno 660,No,"128GB 8GB RAM, 256GB 12GB RAM",UFS 3.1,"Hasselblad Color Calibration, dual-LED flash, HDR, panorama","8K@30fps, 4K@30/60fps, 1080p@30/60/240fps, Auto HDR, gyro-EIS","16 MP, f/2.4, (wide), 1/3.06"", 1.0µm",Auto-HDR,"1080p@30fps, gyro-EIS",24-bit/192kHz audio,"Wi-Fi 802.11 a/b/g/n/ac/6, dual-band, Wi-Fi Direct, DLNA","5.2, A2DP, LE, aptX HD","GPS (L1+L5), GLONASS (G1), BDS (B1), GALILEO (E1+E5a)",Yes,No,"USB Type-C 3.1, OTG","Fingerprint (under display, optical), accelerometer, gyro, proximity, compass, color spectrum","Li-Po 4500 mAh, non-removable","Winter Mist, Arctic Sky, Astral Black","LE2113, LE2111, LE2110, LE2117, LE2115",,
https://www.gsmarena.com/oneplus_9r-10807.php,https://fdn2.gsmarena.com/vv/bigpic/oneplus-9r.jpg,OnePlus 9R,"Released 2021, April 14","189g, 8.4mm thickness","Android 10, up to Android 13, OxygenOS 13","128GB/256GB storage, no card slot","6.55""",1080x2400 pixels,8/12 GB RAM,4500 mAh Li-Po,"48 MP, f/1.7, 26mm (wide), 1/2.0"", 0.8µm, PDAF, OIS","39,999",GSM 850 / 900 / 1800 / 1900 - SIM 1 & SIM 2,HSDPA 800 / 850 / 900 / 1700(AWS) / 1800 / 1900 / 2100,"1, 2, 3, 4, 5, 7, 8, 12, 17, 18, 19, 20, 26, 34, 38, 39, 40, 41, 46",78 SA/NSA,"HSPA 42.2/5.76 Mbps, LTE-A (CA) Cat18 1200/200 Mbps, 5G","2021, March 23","Available. Released 2021, April 14",161 x 74.1 x 8.4 mm (6.34 x 2.92 x 0.33 in),189 g (6.67 oz),"Glass front (Gorilla Glass 5), glass back (Gorilla Glass 5), aluminum frame","Dual SIM (Nano-SIM, dual stand-by)","Fluid AMOLED, 120Hz, HDR10+","6.55 inches, 103.6 cm(~86.8% screen-to-body ratio)","1080 x 2400 pixels, 20:9 ratio (~402 ppi density)",Corning Gorilla Glass 5,"Android 10, upgradable to Android 13, OxygenOS 13",Qualcomm SM8250-AC Snapdragon 870 5G (7 nm),Octa-core (1x3.2 GHz Kryo 585 & 3x2.42 GHz Kryo 585 & 4x1.80 GHz Kryo 585),Adreno 650,No,"128GB 8GB RAM, 256GB 8GB RAM, 256GB 12GB RAM",UFS 3.1,"Dual-LED flash, HDR, panorama","4K@30/60fps, 1080p@30/60/240fps, Auto HDR, gyro-EIS","16 MP, f/2.4, (wide), 1/3.06"", 1.0µm",Auto-HDR,"1080p@30fps, gyro-EIS","Wi-Fi 802.11 a/b/g/n/ac/6, dual-band, Wi-Fi Direct, DLNA","5.1, A2DP, LE, aptX HD","GPS (L1+L5), GLONASS (G1), BDS (B1), GALILEO (E1+E5a)",Yes,No,"USB Type-C 3.1, OTG","Fingerprint (under display, optical), accelerometer, gyro, proximity, compass","Li-Po 4500 mAh, non-removable","Carbon Black, Lake Blue","LE2101, LE2100",,,
https://www.gsmarena.com/oneplus_nord_n10_5g-10556.php,https://fdn2.gsmarena.com/vv/bigpic/oneplus-nord-n10-5g-.jpg,OnePlus Nord N10 5G,"Released 2020, November 21","190g, 9mm thickness","Android 10, OxygenOS 10.5","128GB storage, microSDXC","6.49""",1080x2400 pixels,6 GB RAM,4300 mAh Li-Po,"64 MP, f/1.8, (wide), 1/1.72"", 0.8µm, PDAF","28,790",GSM 850 / 900 / 1800 / 1900 - SIM 1 & SIM 2,HSDPA 850 / 900 / 1700(AWS) / 1900 / 2100,"1, 2, 3, 4, 5, 7, 8, 12, 17, 20, 28, 38, 39, 40, 41, 66 - International","1, 3, 7, 28, 41, 66, 78 SA/NSA - International","HSPA 42.2/5.76 Mbps, LTE-A (CA) Cat18 1024/150 Mbps, 5G","2020, October 26","Available. Released 2020, November 21",163 x 74.7 x 9 mm (6.42 x 2.94 x 0.35 in),190 g (6.70 oz),"Glass front (Gorilla Glass 3), plastic back, plastic frame","Dual SIM (Nano-SIM, dual stand-by)","IPS LCD, 90Hz","6.49 inches, 101.7 cm(~83.5% screen-to-body ratio)","1080 x 2400 pixels, 20:9 ratio (~406 ppi density)",Corning Gorilla Glass 3,"Android 10, OxygenOS 10.5",Qualcomm SM6350 Snapdragon 690 5G (8 nm),Octa-core (2x2.0 GHz Kryo 560 Gold & 6x1.7 GHz Kryo 560 Silver),Adreno 619L,microSDXC,128GB 6GB RAM,UFS 2.1,"LED flash, HDR, panorama","4K@30fps, 1080p@30/60/120fps; gyro-EIS","16 MP, f/2.1",HDR,"1080p@30/60fps, gyro-EIS","Wi-Fi 802.11 a/b/g/n/ac, dual-band, Wi-Fi Direct","5.1, A2DP, LE","GPS (L1+L5), GLONASS, GALILEO, BDS",Yes,No,"USB Type-C 2.0, OTG","Fingerprint (rear-mounted), accelerometer, gyro, proximity, compass","Li-Po 4300 mAh, non-removable",Midnight Ice,"BE2029, BE2025, BE2026, BE2028",,AnTuTu: 279579 (v8),
https://www.gsmarena.com/oneplus_nord_n100-10557.php,https://fdn2.gsmarena.com/vv/bigpic/oneplus-nord-n100-.jpg,OnePlus Nord N100,"Released 2020, November 11","188g, 8.5mm thickness","Android 10, OxygenOS 10.5.9","64GB storage, microSDXC","6.52""",720x1600 pixels,4 GB RAM,5000 mAh Li-Po,"13 MP, f/2.2, (wide), PDAF","15,690",GSM 850 / 900 / 1800 / 1900 - SIM 1 & SIM 2,HSDPA 850 / 900 / 1700(AWS) / 1900 / 2100,"1, 2, 3, 4, 5, 7, 8, 12, 17, 20, 28, 38, 40, 41 - International","HSPA 42.2/5.76 Mbps, LTE-A (CA) Cat13 400/50 Mbps",,"2020, October 26","Available. Released 2020, November 11",164.9 x 75.1 x 8.5 mm (6.49 x 2.96 x 0.33 in),188 g (6.63 oz),"Glass front (Gorilla Glass 3), plastic frame","Dual SIM (Nano-SIM, dual stand-by)","IPS LCD, 90Hz","6.52 inches, 102.6 cm(~82.9% screen-to-body ratio)","720 x 1600 pixels, 20:9 ratio (~269 ppi density)",Corning Gorilla Glass 3,"Android 10, OxygenOS 10.5.9",Qualcomm SM4250 Snapdragon 460 (11 nm),Octa-core (4x1.8 GHz Kryo 240 & 4x1.6 GHz Kryo 240),Adreno 610,microSDXC,64GB 4GB RAM,UFS 2.1,"LED flash, HDR, panorama","1080p@30fps, gyro-EIS","8 MP, f/2.0",HDR,1080p@30fps,"Wi-Fi 802.11 a/b/g/n/ac, dual-band, Wi-Fi Direct","5.0, A2DP, LE","GPS, GLONASS, GALILEO, BDS",FM radio,"USB Type-C 2.0, OTG","Fingerprint (rear-mounted), accelerometer, gyro, proximity, compass","Li-Po 5000 mAh, non-removable",Midnight Frost,"BE2013, BE2015, BE2011, BE2012",,,,
https://www.gsmarena.com/oneplus_8t-10420.php,https://fdn2.gsmarena.com/vv/bigpic/oneplus-8t.jpg,OnePlus 8T,"Released 2020, October 16","188g, 8.4mm thickness","Android 11, up to Android 13, OxygenOS 13","128GB/256GB storage, no card slot","6.55""",1080x2400 pixels,8/12 GB RAM,4500 mAh Li-Po,"48 MP, f/1.7, 26mm (wide), 1/2.0"", 0.8µm, PDAF, OIS","33,135",GSM 850 / 900 / 1800 / 1900 - SIM 1 & SIM 2,HSDPA 800 / 850 / 900 / 1700(AWS) / 1800 / 1900 / 2100,"1, 2, 3, 4, 5, 7, 8, 12, 13, 17, 18, 19, 20, 25, 26, 28, 32, 34, 38, 39, 40, 41, 42, 66 - EU","1, 3, 7, 28, 41, 78 SA/NSA - EU","HSPA 42.2/5.76 Mbps, LTE-A (5CA) Cat18 1200/200 Mbps, 5G 7.5 Gbps DL","2020, October 14","Available. Released 2020, October 16",160.7 x 74.1 x 8.4 mm (6.33 x 2.92 x 0.33 in),188 g (6.63 oz),"Glass front (Gorilla Glass 5), glass back (Gorilla Glass 5), aluminum frame","Dual SIM (Nano-SIM, dual stand-by)","Fluid AMOLED, 120Hz, HDR10+","6.55 inches, 103.6 cm(~87.0% screen-to-body ratio)","1080 x 2400 pixels, 20:9 ratio (~402 ppi density)",Corning Gorilla Glass 5,"Android 11, upgradable to Android 13, OxygenOS 13",Qualcomm SM8250 Snapdragon 865 5G (7 nm+),Octa-core (1x2.84 GHz Cortex-A77 & 3x2.42 GHz Cortex-A77 & 4x1.80 GHz Cortex-A55),Adreno 650,No,"128GB 8GB RAM, 256GB 12GB RAM",UFS 3.1,"Dual-LED flash, HDR, panorama","4K@30/60fps, 1080p@30/60/240fps, Auto HDR, gyro-EIS","16 MP, f/2.4, (wide), 1/3.06"", 1.0µm",Auto-HDR,"1080p@30fps, gyro-EIS","Wi-Fi 802.11 a/b/g/n/ac/6, dual-band, Wi-Fi Direct, DLNA","5.1, A2DP, LE, aptX HD","GPS (L1+L5), GLONASS (G1), BDS (B1), GALILEO (E1+E5a)",Yes,No,"USB Type-C 3.1, OTG","Fingerprint (under display, optical), accelerometer, gyro, proximity, compass, barometer (market dependant)","Li-Po 4500 mAh, non-removable","Aquamarine Green, Lunar Silver, Cyberpunk 2077 Edition","KB2001, KB2000, KB2003, KB2005",,AnTuTu: 586000 (v8),
https://www.gsmarena.com/oneplus_8t+_5g-10512.php,https://fdn2.gsmarena.com/vv/bigpic/oneplus-8t.jpg,OnePlus 8T+ 5G,"Released 2020, October 16","188g, 8.4mm thickness","Android 11, OxygenOS 11","256GB storage, no card slot","6.55""",1080x2400 pixels,12 GB RAM,4500 mAh Li-Po,"48 MP, f/1.7, 26mm (wide), 1/2.0"", 0.8µm, PDAF, OIS","54,999",GSM 850 / 900 / 1800 / 1900,HSDPA 850 / 900 / 1700(AWS) / 1900 / 2100,"1, 2, 3, 4, 5, 7, 8, 12, 13, 17, 18, 19, 20, 25, 26, 28, 29, 30, 34, 38, 39, 40, 41, 46, 48, 66, 71","2, 25, 41, 66, 71 Sub6/mmWave","HSPA 42.2/5.76 Mbps, LTE-A (5CA) Cat18 1200/200 Mbps, 5G 7.5 Gbps DL","2020, October 14","Available. Released 2020, October 16",160.7 x 74.1 x 8.4 mm (6.33 x 2.92 x 0.33 in),-,"Glass front (Gorilla Glass 5), glass back (Gorilla Glass 5), aluminum frame",Nano-SIM,"Fluid AMOLED, 120Hz, HDR10+","6.55 inches, 103.6 cm(~87.0% screen-to-body ratio)","1080 x 2400 pixels, 20:9 ratio (~402 ppi density)",Corning Gorilla Glass 5,"Android 11, OxygenOS 11",Qualcomm SM8250 Snapdragon 865 5G (7 nm+),Octa-core (1x2.84 GHz Cortex-A77 & 3x2.42 GHz Cortex-A77 & 4x1.80 GHz Cortex-A55),Adreno 650,No,256GB 12GB RAM,UFS 3.1,"Dual-LED flash, HDR, panorama","4K@30/60fps, 1080p@30/60/240fps, Auto HDR, gyro-EIS","16 MP, f/2.4, (wide), 1/3.06"", 1.0µm",Auto-HDR,"1080p@30fps, gyro-EIS","Wi-Fi 802.11 a/b/g/n/ac/6, dual-band, Wi-Fi Direct, DLNA","5.1, A2DP, LE, aptX HD","GPS (L1+L5), GLONASS (G1), BDS (B1), GALILEO (E1+E5a)",Yes,No,"USB Type-C 3.1, OTG","Fingerprint (under display, optical), accelerometer, gyro, proximity, compass, barometer (market dependant)","Li-Po 4500 mAh, non-removable","Aquamarine Green, Lunar Silver",KB2007,About 640 EUR,,
https://www.gsmarena.com/oneplus_nord-10289.php,https://fdn2.gsmarena.com/vv/bigpic/oneplus-nord.jpg,OnePlus Nord,"Released 2020, August 04","184g, 8.2mm thickness","Android 10, up to Android 12, OxygenOS 12","64GB/128GB/256GB storage, no card slot","6.44""",1080x2400 pixels,6/12 GB RAM,4115 mAh Li-Po,"48 MP, f/1.8, 26mm (wide), 1/2.0"", 0.8µm, PDAF, OIS","24,999",GSM 850 / 900 / 1800 / 1900 - SIM 1 & SIM 2,HSDPA 800 / 850 / 900 / 1700(AWS) / 1800 / 1900 / 2100,"1, 2, 3, 4, 5, 7, 8, 12, 17, 18, 19, 20, 26, 28, 32, 34, 38, 39, 40, 41, 66 - Europe","1, 3, 7, 28, 78 SA/NSA - Europe","HSPA 42.2/5.76 Mbps, LTE-A (CA) Cat18 1200/150 Mbps, 5G","2020, July 21","Available. Released 2020, August 04",158.3 x 73.3 x 8.2 mm (6.23 x 2.89 x 0.32 in),184 g (6.49 oz),"Glass front (Gorilla Glass 5), glass back (Gorilla Glass 5), plastic frame","Dual SIM (Nano-SIM, dual stand-by)","Fluid AMOLED, 90Hz, HDR10+","6.44 inches, 100.6 cm(~86.7% screen-to-body ratio)","1080 x 2400 pixels, 20:9 ratio (~408 ppi density)",Corning Gorilla Glass 5,"Android 10, upgradable to Android 12, OxygenOS 12",Qualcomm SM7250 Snapdragon 765G 5G (7 nm),Octa-core (1x2.4 GHz Kryo 475 Prime & 1x2.2 GHz Kryo 475 Gold & 6x1.8 GHz Kryo 475 Silver),Adreno 620,No,"64GB 6GB RAM, 128GB 8GB RAM, 256GB 12GB RAM",UFS 2.1,"Dual-LED flash, HDR, panorama","4K@30fps, 1080p@30/60/240fps, gyro-EIS","32 MP, f/2.5, (wide), 1/2.8"", 0.8µm",HDR,"4K@30/60fps, 1080p@30/60fps","Wi-Fi 802.11 a/b/g/n/ac, dual-band, Wi-Fi Direct","5.1, A2DP, LE, aptX HD","GPS (L1+L5), GLONASS (G1), BDS (B1), GALILEO (E1+E5a), NavIC",Yes,No,"USB Type-C 2.0, OTG","Fingerprint (under display, optical), accelerometer, gyro, proximity, compass","Li-Po 4115 mAh, non-removable","Blue Marble, Gray Onyx (Gray Ash)","AC2001, AC2003",,AnTuTu: 315641 (v8),
https://www.gsmarena.com/oneplus_8_pro-9919.php,https://fdn2.gsmarena.com/vv/bigpic/oneplus-8-pro.jpg,OnePlus 8 Pro,"Released 2020, April 21","199g, 8.5mm thickness","Android 10, up to Android 13, OxygenOS 13","128GB/256GB storage, no card slot","6.78""",1440x3168 pixels,8/12 GB RAM,4510 mAh Li-Po,"48 MP, f/1.8, 25mm (wide), 1/1.43"", 1.12µm, multi-directional PDAF, Laser AF, OIS","48,999",GSM 850 / 900 / 1800 / 1900 - SIM 1 & SIM 2,HSDPA 800 / 850 / 900 / 1700(AWS) / 1800 / 1900 / 2100,"1, 2, 3, 4, 5, 7, 8, 12, 13, 17, 18, 19, 20, 25, 26, 28, 32, 34, 38, 39, 40, 41, 42, 46, 66 - EU","1, 3, 7, 28, 78 SA/NSA - EU","HSPA 42.2/5.76 Mbps, LTE-A (5CA) Cat18 1200/150 Mbps, 5G 7.5 Gbps DL","2020, April 14","Available. Released 2020, April 21",165.3 x 74.4 x 8.5 mm (6.51 x 2.93 x 0.33 in),199 g (7.02 oz),"Glass front (Gorilla Glass 5), glass back (Gorilla Glass 5), aluminum frame","Dual SIM (Nano-SIM, dual stand-by)","Fluid AMOLED, 1B colors, 120Hz, HDR10+","6.78 inches, 111.7 cm(~90.8% screen-to-body ratio)",1440 x 3168 pixels (~513 ppi density),Corning Gorilla Glass 5,"Android 10, upgradable to Android 13, OxygenOS 13",Qualcomm SM8250 Snapdragon 865 5G (7 nm+),Octa-core (1x2.84 GHz Cortex-A77 & 3x2.42 GHz Cortex-A77 & 4x1.80 GHz Cortex-A55),Adreno 650,No,"128GB 8GB RAM, 256GB 12GB RAM",UFS 3.0,"Dual-LED flash, HDR, panorama","4K@30/60fps, 1080p@30/60/240fps, Auto HDR, gyro-EIS","16 MP, f/2.5, (wide), 1/3.06"", 1.0µm",Auto-HDR,"1080p@30fps, gyro-EIS","Wi-Fi 802.11 a/b/g/n/ac/6, dual-band, Wi-Fi Direct, DLNA","5.1, A2DP, LE, aptX HD","GPS (L1+L5), GLONASS (G1), BDS (B1), GALILEO (E1+E5a)",Yes,No,"USB Type-C 3.1, OTG","Fingerprint (under display, optical), accelerometer, gyro, proximity, compass","Li-Po 4510 mAh, non-removable","Glacial Green, Ultramarine Blue, Onyx Black","IN2023, IN2020, IN2021, IN2025",,AnTuTu: 573276 (v8),
https://www.gsmarena.com/oneplus_8_5g_uw_(verizon)-10226.php,https://fdn2.gsmarena.com/vv/bigpic/oneplus-8-5g-uw.jpg,OnePlus 8 5G UW (Verizon),"Released 2020, April 29","180g, 8mm thickness","Android 10, OxygenOS 10.0","128GB storage, no card slot","6.55""",1080x2400 pixels,8 GB RAM,4300 mAh Li-Po,"48 MP, f/1.8, 25mm (wide), 1/2.0"", 0.8µm, PDAF, OIS","58,561",GSM 850 / 900 / 1800 / 1900,HSDPA 800 / 850 / 900 / 1700(AWS) / 1800 / 1900 / 2100,"1, 2, 3, 4, 5, 7, 8, 12, 13, 17, 18, 19, 20, 25, 26, 28, 30, 38, 39, 40, 41, 46, 48, 66, 71","2, 5, 66, 260, 261 mmWave","HSPA 42.2/5.76 Mbps, LTE-A (5CA) Cat18 1200/150 Mbps, 5G 7.5 Gbps DL","2020, April 14","Available. Released 2020, April 29",160.2 x 72.9 x 8 mm (6.31 x 2.87 x 0.31 in),180 g (6.35 oz),"Glass front, glass back (Gorilla Glass 5), aluminum frame",Pre-installed Nano-SIM,"Fluid AMOLED, 90Hz, HDR10+","6.55 inches, 103.6 cm(~88.7% screen-to-body ratio)","1080 x 2400 pixels, 20:9 ratio (~402 ppi density)",,"Android 10, OxygenOS 10.0",Qualcomm SM8250 Snapdragon 865 5G (7 nm+),Octa-core (1x2.84 GHz Cortex-A77 & 3x2.42 GHz Cortex-A77 & 4x1.80 GHz Cortex-A55),Adreno 650,No,128GB 8GB RAM,"UFS 3.0, 2-LANE","Dual-LED flash, HDR, panorama","4K@30/60fps, 1080p@30/60/240fps, Auto HDR, gyro-EIS","16 MP, f/2.0, (wide), 1/3.06"", 1.0µm",Auto-HDR,"1080p@30fps, gyro-EIS","Wi-Fi 802.11 a/b/g/n/ac/6, dual-band, Wi-Fi Direct, DLNA","5.1, A2DP, LE, aptX HD","GPS (L1+L5), GLONASS (G1), BDS (B1), GALILEO (E1+E5a)",Yes,No,"USB Type-C 3.1, OTG","Fingerprint (under display, optical), accelerometer, gyro, proximity, compass","Li-Po 4300 mAh, non-removable","Onyx Black, Polar Silver",1.10 W/kg (head)     1.10 W/kg (body),About 740 EUR,,
https://www.gsmarena.com/oneplus_8_5g_(t_mobile)-10229.php,https://fdn2.gsmarena.com/vv/bigpic/oneplus-8-5g-t-mobile.jpg,OnePlus 8 5G (T-Mobile),"Released 2020, April 29","180g, 8mm thickness","Android 10, OxygenOS 10.0","128GB storage, no card slot","6.55""",1080x2400 pixels,8 GB RAM,4300 mAh Li-Po,"48 MP, f/1.8, 25mm (wide), 1/2.0"", 0.8µm, PDAF, OIS","42,999",GSM 850 / 900 / 1800 / 1900,HSDPA 800 / 850 / 900 / 1700(AWS) / 1800 / 1900 / 2100,"1, 2, 3, 4, 5, 7, 8, 12, 13, 17, 18, 19, 20, 25, 26, 28, 29, 30, 34, 38, 39, 41, 46, 48, 66, 71","2, 5, 41, 66, 71 SA/NSA","HSPA 42.2/5.76 Mbps, LTE-A (5CA) Cat18 1200/150 Mbps, 5G 7.5 Gbps DL","2020, April 14","Available. Released 2020, April 29",160.2 x 72.9 x 8 mm (6.31 x 2.87 x 0.31 in),180 g (6.35 oz),"Glass front, glass back (Gorilla Glass 5), aluminum frame",Nano-SIM,"Fluid AMOLED, 90Hz, HDR10+","6.55 inches, 103.6 cm(~88.7% screen-to-body ratio)","1080 x 2400 pixels, 20:9 ratio (~402 ppi density)",,"Android 10, OxygenOS 10.0",Qualcomm SM8250 Snapdragon 865 5G (7 nm+),Octa-core (1x2.84 GHz Cortex-A77 & 3x2.42 GHz Cortex-A77 & 4x1.80 GHz Cortex-A55),Adreno 650,No,128GB 8GB RAM,"UFS 3.0, 2-LANE","Dual-LED flash, HDR, panorama","4K@30/60fps, 1080p@30/60/240fps, Auto HDR, gyro-EIS","16 MP, f/2.0, (wide), 1/3.06"", 1.0µm",Auto-HDR,"1080p@30fps, gyro-EIS","Wi-Fi 802.11 a/b/g/n/ac/6, dual-band, Wi-Fi Direct, DLNA","5.1, A2DP, LE, aptX HD","GPS (L1+L5), GLONASS (G1), BDS (B1), GALILEO (E1+E5a)",Yes,No,"USB Type-C 3.1, OTG","Fingerprint (under display, optical), accelerometer, gyro, proximity, compass","Li-Po 4300 mAh, non-removable","Onyx Black, Interstellar Glow",1.10 W/kg (head)     1.10 W/kg (body),About 650 EUR,,
https://www.gsmarena.com/oneplus_7t_pro_5g_mclaren-9928.php,https://fdn2.gsmarena.com/vv/bigpic/oneplus-7t-pro-5g-mclaren-edition-.jpg,OnePlus 7T Pro 5G McLaren,"Released 2019, November 05","206g, 8.8mm thickness","Android 10, OxygenOS 10.0","256GB storage, no card slot","6.67""",1440x3120 pixels,12 GB RAM,4085 mAh Li-Po,"48 MP, f/1.6, (wide), 1/2.0"", 0.8µm, PDAF, Laser AF, OIS","58,999",GSM 850 / 900 / 1800 / 1900 - SIM 1 & SIM 2,HSDPA 850 / 900 / 1700(AWS) / 1900 / 2100,"1, 2, 3, 4, 5, 1, 2, 3, 4, 5, 7, 8, 12, 13, 17, 18, 19, 20, 25, 26, 28, 29, 30, 34, 38, 39, 40, 41, 46, 48, 66, 71",71 SA,"HSPA 42.2/5.76 Mbps, LTE-A (5CA) Cat18 1200/150 Mbps, 5G (2+ Gbps DL)","2019, October 23","Available. Released 2019, November 05",162.6 x 75.9 x 8.8 mm (6.40 x 2.99 x 0.35 in),206 g (7.27 oz),"Glass front (Gorilla Glass 6), glass back (Gorilla Glass 5), aluminum frame","Dual SIM (Nano-SIM, dual stand-by)","Fluid AMOLED, 90Hz, HDR10+","6.67 inches, 108.8 cm(~88.1% screen-to-body ratio)","1440 x 3120 pixels, 19.5:9 ratio (~516 ppi density)",Corning Gorilla Glass 6,"Android 10, OxygenOS 10.0",Qualcomm SM8150 Snapdragon 855+ (7 nm),Octa-core (1x2.96 GHz Kryo 485 & 3x2.42 GHz Kryo 485 & 4x1.78 GHz Kryo 485),Adreno 640 (700 MHz),No,256GB 12GB RAM,UFS 3.0,"Dual-LED flash, HDR, panorama","4K@30/60fps, 1080p@30/60/240fps, 720p@960fps, Auto HDR, gyro-EIS","Motorized pop-up 16 MP, f/2.0, 25mm (wide), 1/3.06"", 1.0µm",Auto-HDR,"1080p@30fps, gyro-EIS","Wi-Fi 802.11 a/b/g/n/ac, dual-band, Wi-Fi Direct, DLNA","5.1, A2DP, LE, aptX HD","GPS (L1+L5), GLONASS (G1), BDS (B1), GALILEO (E1+E5a)",Yes,No,"USB Type-C 3.1, OTG","Fingerprint (under display, optical), accelerometer, gyro, compass",Virtual proximity sensing,"Li-Po 4085 mAh, non-removable",Papaya Orange,HD1925,About 800 EUR,
https://www.gsmarena.com/oneplus_7t_pro-9872.php,https://fdn2.gsmarena.com/vv/bigpic/oneplus-7t-pro.jpg,OnePlus 7T Pro,"Released 2019, October 12","206g, 8.8mm thickness","Android 10, up to Android 12, OxygenOS 12.1","256GB storage, no card slot","6.67""",1440x3120 pixels,8/12 GB RAM,4085 mAh Li-Po,"48 MP, f/1.6, (wide), 1/2.0"", 0.8µm, PDAF, Laser AF, OIS","53,999",GSM 850 / 900 / 1800 / 1900 - SIM 1 & SIM 2,HSDPA 800 / 850 / 900 / 1700(AWS) / 1800 / 1900 / 2100,"1, 2, 3, 4, 5, 7, 8, 12, 13, 17, 18, 19, 20, 25, 26, 28, 29, 32, 34, 38, 39, 40, 41, 66","HSPA 42.2/5.76 Mbps, LTE-A (5CA) Cat18 1200/150 Mbps",,"2019, October 10","Available. Released 2019, October 12",162.6 x 75.9 x 8.8 mm (6.40 x 2.99 x 0.35 in),206 g (7.27 oz),"Glass front (Gorilla Glass 5), glass back (Gorilla Glass 5), aluminum frame","Dual SIM (Nano-SIM, dual stand-by)","Fluid AMOLED, 90Hz, HDR10+","6.67 inches, 108.8 cm(~88.1% screen-to-body ratio)","1440 x 3120 pixels, 19.5:9 ratio (~516 ppi density)",Corning Gorilla Glass 5,"Android 10, upgradable to Android 12, OxygenOS 12.1",Qualcomm SM8150 Snapdragon 855+ (7 nm),Octa-core (1x2.96 GHz Kryo 485 & 3x2.42 GHz Kryo 485 & 4x1.78 GHz Kryo 485),Adreno 640 (700 MHz),No,"256GB 8GB RAM, 256GB 12GB RAM",12GB RAM - McLaren Edition only,"Dual-LED flash, HDR, panorama","4K@30/60fps, 1080p@30/60/240fps, 720p@960fps, Auto HDR, gyro-EIS","Motorized pop-up 16 MP, f/2.0, 25mm (wide), 1/3.06"", 1.0µm",Auto-HDR,"1080p@30fps, gyro-EIS","Wi-Fi 802.11 a/b/g/n/ac, dual-band, Wi-Fi Direct, DLNA","5.0, A2DP, LE, aptX HD","GPS (L1+L5), GLONASS (G1), BDS (B1), GALILEO (E1+E5a)",Yes,No,"USB Type-C 3.1, OTG","Fingerprint (under display, optical), accelerometer, gyro, compass",Virtual proximity sensing,"Li-Po 4085 mAh, non-removable","Haze Blue, McLaren Edition","HD1911, HD1913, HD1910",About 1030 EUR,"AnTuTu: 395868 (v7), 493901 (v8)"
https://www.gsmarena.com/oneplus_7t-9816.php,https://fdn2.gsmarena.com/vv/bigpic/oneplus-7t-.jpg,OnePlus 7T,"Released 2019, September 27","190g, 8.1mm thickness","Android 10, up to Android 12, OxygenOS 12.1","128GB/256GB storage, no card slot","6.55""",1080x2400 pixels,8 GB RAM,3800 mAh Li-Po,"48 MP, f/1.6, 26mm (wide), 1/2.0"", 0.8µm, PDAF, OIS","37,999",GSM 850 / 900 / 1800 / 1900 - SIM 1 & SIM 2,HSDPA 800 / 850 / 900 / 1700(AWS) / 1800 / 1900 / 2100,"1, 2, 3, 4, 5, 7, 8, 12, 13, 17, 18, 19, 20, 25, 26, 28, 29, 32, 34, 38, 39, 40, 41, 66 - EU","HSPA 42.2/5.76 Mbps, LTE-A (5CA) Cat18 1200/150 Mbps",,"2019, September 26","Available. Released 2019, September 27",160.9 x 74.4 x 8.1 mm (6.33 x 2.93 x 0.32 in),190 g (6.70 oz),"Glass front (Gorilla Glass 5), glass back (Gorilla Glass 5), aluminum frame","Dual SIM (Nano-SIM, dual stand-by)","Fluid AMOLED, 90Hz, HDR10+","6.55 inches, 103.6 cm(~86.5% screen-to-body ratio)","1080 x 2400 pixels, 20:9 ratio (~402 ppi density)",Corning Gorilla Glass 5,"Android 10, upgradable to Android 12, OxygenOS 12.1",Qualcomm SM8150 Snapdragon 855+ (7 nm),Octa-core (1x2.96 GHz Kryo 485 & 3x2.42 GHz Kryo 485 & 4x1.78 GHz Kryo 485),Adreno 640 (700 MHz),No,"128GB 8GB RAM, 256GB 8GB RAM",UFS 3.0,"Dual-LED flash, HDR, panorama","4K@30/60fps, 1080p@30/60/240fps, 720p@960fps, Auto HDR, gyro-EIS","16 MP, f/2.0, 25mm (wide), 1/3.06"", 1.0µm",Auto-HDR,"1080p@30fps, gyro-EIS","Wi-Fi 802.11 a/b/g/n/ac, dual-band, Wi-Fi Direct, DLNA","5.0, A2DP, LE, aptX HD","GPS (L1+L5), GLONASS (G1), BDS (B1), GALILEO (E1+E5a)",Yes,No,"USB Type-C 3.1, OTG","Fingerprint (under display, optical), accelerometer, gyro, compass",Virtual proximity sensing,"Li-Po 3800 mAh, non-removable","Frosted Silver, Glacier Blue, White","HD1901, HD1903, HD1900, HD1907, HD1905",,"AnTuTu: 391545 (v7), 485585 (v8)"
https://www.gsmarena.com/oneplus_7_pro_5g-9704.php,https://fdn2.gsmarena.com/vv/bigpic/oneplus-7-pro-r1.jpg,OnePlus 7 Pro 5G,"Released 2019, September 06","206g, 8.8mm thickness","Android 9.0, up to 10, OxygenOS 10.0.4","128GB/256GB storage, no card slot","6.67""",1440x3120 pixels,6/12 GB RAM,4000 mAh Li-Po,"48 MP, f/1.6, (wide), 1/2.0"", 0.8µm, PDAF, Laser AF, OIS","62,999",GSM 850 / 900 / 1800 / 1900 - SIM 1 & SIM 2,HSDPA 800 / 850 / 900 / 1700(AWS) / 1800 / 1900 / 2100,"1, 2, 3, 4, 5, 7, 8, 12, 13, 17, 18, 19, 20, 25, 26, 28, 29, 32, 34, 38, 39, 40, 41, 66",41 NSA/Sub6/mmWave,"HSPA 42.2/5.76 Mbps, LTE-A (5CA) Cat18 1200/150 Mbps, 5G (2+ Gbps DL)","2019, May 14","Available. Released 2019, September 06",162.6 x 75.9 x 8.8 mm (6.40 x 2.99 x 0.35 in),206 g (7.27 oz),"Glass front (Gorilla Glass 5), glass back (Gorilla Glass 5), aluminum frame","Dual SIM (Nano-SIM, dual stand-by)","Fluid AMOLED, 90Hz, HDR10+","6.67 inches, 109.2 cm(~88.5% screen-to-body ratio)","1440 x 3120 pixels, 19.5:9 ratio (~515 ppi density)",Corning Gorilla Glass 5,"Android 9.0 (Pie), upgradable to Android 10, OxygenOS 10.0.4",Qualcomm SM8150 Snapdragon 855 (7 nm),Octa-core (1x2.84 GHz Kryo 485 & 3x2.42 GHz Kryo 485 & 4x1.78 GHz Kryo 485),Adreno 640,No,"128GB 6GB RAM, 256GB 8GB RAM, 256GB 12GB RAM",UFS 3.0,"Dual-LED dual-tone flash, panorama, HDR","4K@30/60fps, 1080p@30/60/240fps, 720p@480fps, Auto HDR, gyro-EIS, no video rec. with ultrawide camera","Motorized pop-up 16 MP, f/2.0, 25mm (wide), 1/3.06"", 1.0µm",Auto-HDR,"1080p@30fps, gyro-EIS","Wi-Fi 802.11 a/b/g/n/ac, dual-band, Wi-Fi Direct, DLNA","5.0, A2DP, LE, aptX HD","GPS (L1+L5), GLONASS (G1), BDS (B1), GALILEO (E1+E5a)",Yes,No,"USB Type-C 3.1, OTG","Fingerprint (under display, optical), accelerometer, gyro, proximity, compass","Li-Po 4000 mAh, non-removable","Mirror Grey, Almond, Nebula Blue",GM1925,About 800 EUR,,
https://www.gsmarena.com/oneplus_7_pro-9689.php,https://fdn2.gsmarena.com/vv/bigpic/oneplus-7-pro-r1.jpg,OnePlus 7 Pro,"Released 2019, May 16","206g, 8.8mm thickness","Android 9.0, up to Android 12, OxygenOS 12.1","128GB/256GB storage, no card slot","6.67""",1440x3120 pixels,6/12 GB RAM,4000 mAh Li-Po,"48 MP, f/1.6, (wide), 1/2.0"", 0.8µm, PDAF, Laser AF, OIS","39,990",GSM 850 / 900 / 1800 / 1900 - SIM 1 & SIM 2,HSDPA 800 / 850 / 900 / 1700(AWS) / 1800 / 1900 / 2100,"1, 2, 3, 4, 5, 7, 8, 12, 13, 17, 18, 19, 20, 25, 26, 28, 29, 32, 34, 38, 39, 40, 41, 66 - Global","HSPA 42.2/5.76 Mbps, LTE-A (5CA) Cat18 1200/150 Mbps",,"2019, May 14","Available. Released 2019, May 16",162.6 x 75.9 x 8.8 mm (6.40 x 2.99 x 0.35 in),206 g (7.27 oz),"Glass front (Gorilla Glass 5), glass back (Gorilla Glass 5), aluminum frame","Dual SIM (Nano-SIM, dual stand-by)","Fluid AMOLED, 90Hz, HDR10+","6.67 inches, 108.8 cm(~88.1% screen-to-body ratio)","1440 x 3120 pixels, 19.5:9 ratio (~516 ppi density)",Corning Gorilla Glass 5,"Android 9.0 (Pie), upgradable to Android 12, OxygenOS 12.1",Qualcomm SM8150 Snapdragon 855 (7 nm),Octa-core (1x2.84 GHz Kryo 485 & 3x2.42 GHz Kryo 485 & 4x1.78 GHz Kryo 485),Adreno 640,No,"128GB 6GB RAM, 256GB 8GB RAM, 256GB 12GB RAM",UFS 3.0,"Dual-LED flash, panorama, HDR","4K@30/60fps, 1080p@30/60/240fps, 720p@480fps, Auto HDR, gyro-EIS, no video rec. with ultrawide camera","Motorized pop-up 16 MP, f/2.0, 25mm (wide), 1/3.06"", 1.0µm",Auto-HDR,"1080p@30fps, gyro-EIS","Wi-Fi 802.11 a/b/g/n/ac, dual-band, Wi-Fi Direct, DLNA","5.0, A2DP, LE, aptX HD","GPS (L1+L5), GLONASS (G1), BDS (B1), GALILEO (E1+E5a)",Yes,No,"USB Type-C 3.1, OTG","Fingerprint (under display, optical), accelerometer, gyro, compass",Virtual proximity sensing,"Li-Po 4000 mAh, non-removable","Mirror Grey, Almond, Nebula Blue","GM1911, GM1913, GM1917, GM1910, GM1915",About 590 EUR,AnTuTu: 364025 (v7)
https://www.gsmarena.com/oneplus_7-9623.php,https://fdn2.gsmarena.com/vv/bigpic/oneplus-7--.jpg,OnePlus 7,"Released 2019, June 04","182g, 8.2mm thickness","Android 9.0, up to Android 12, OxygenOS 12.1","128GB/256GB storage, no card slot","6.41""",1080x2340 pixels,6/12 GB RAM,3700 mAh Li-Po,"48 MP, f/1.7, (wide), 1/2.0"", 0.8µm, PDAF, OIS","34,999",GSM 850 / 900 / 1800 / 1900 - SIM 1 & SIM 2,HSDPA 800 / 850 / 900 / 1700(AWS) / 1800 / 1900 / 2100,"1, 2, 3, 4, 5, 7, 8, 12, 13, 17, 18, 19, 20, 26, 28, 29, 32, 34, 38, 39, 40, 41","HSPA 42.2/5.76 Mbps, LTE-A (5CA) Cat16 1024/150 Mbps",,"2019, May 14","Available. Released 2019, June 04",157.7 x 74.8 x 8.2 mm (6.21 x 2.94 x 0.32 in),182 g (6.42 oz),"Glass front (Gorilla Glass 6), glass back (Gorilla Glass 5), aluminum frame","Dual SIM (Nano-SIM, dual stand-by)","Optic AMOLED, HDR10","6.41 inches, 100.9 cm(~85.5% screen-to-body ratio)","1080 x 2340 pixels, 19.5:9 ratio (~402 ppi density)",Corning Gorilla Glass 6,"Android 9.0 (Pie), upgradable to Android 12, OxygenOS 12.1",Qualcomm SM8150 Snapdragon 855 (7 nm),Octa-core (1x2.84 GHz Kryo 485 & 3x2.42 GHz Kryo 485 & 4x1.78 GHz Kryo 485),Adreno 640,No,"128GB 6GB RAM, 256GB 8GB RAM, 256GB 12GB RAM",UFS 3.0,"Dual-LED flash, HDR, panorama","4K@30/60fps, 1080p@30/60/240fps, 720p@480fps, Auto HDR, gyro-EIS","16 MP, f/2.0, 25mm (wide), 1/3.06"", 1.0µm",Auto-HDR,"1080p@30fps, gyro-EIS","Wi-Fi 802.11 a/b/g/n/ac, dual-band, Wi-Fi Direct, DLNA","5.0, A2DP, LE, aptX HD","GPS (L1+L5), GLONASS (G1), BDS (B1), GALILEO (E1+E5a)",Yes,No,"USB Type-C 3.1, OTG","Fingerprint (under display, optical), accelerometer, gyro, proximity, compass","Li-Po 3700 mAh, non-removable","Mirror Gray, Red, Mirror Blue","GM1901, GM1900, GM1905, GM1903",About 400 EUR,AnTuTu: 367812 (v7),
https://www.gsmarena.com/oneplus_6t_mclaren-9469.php,https://fdn2.gsmarena.com/vv/bigpic/oneplus-6t-mclaren-edition.jpg,OnePlus 6T McLaren,"Released 2018, December 13","185g, 8.2mm thickness","Android 9.0, up to Android 10, OxygenOS 10","256GB storage, no card slot","6.41""",1080x2340 pixels,10 GB RAM,3700 mAh Li-Po,"16 MP, f/1.7, 25mm (wide), 1/2.6"", 1.22µm, PDAF, OIS","50,999",GSM 850 / 900 / 1800 / 1900 - SIM 1 & SIM 2,HSDPA 800 / 850 / 900 / 1700(AWS) / 1800 / 1900 / 2100,"1, 2, 3, 4, 5, 7, 12, 13, 17, 18, 19, 20, 25, 26, 28, 29, 30, 32, 34, 38, 39, 40, 41, 46, 66, 71","HSPA 42.2/5.76 Mbps, LTE-A (5CA) Cat16 1024/150 Mbps",,"2018, December 11","Available. Released 2018, December 13",157.5 x 74.8 x 8.2 mm (6.20 x 2.94 x 0.32 in),185 g (6.53 oz),"Glass front (Gorilla Glass 6), glass back, aluminum frame","Dual SIM (Nano-SIM, dual stand-by)",Optic AMOLED,"6.41 inches, 100.9 cm(~85.6% screen-to-body ratio)","1080 x 2340 pixels, 19.5:9 ratio (~402 ppi density)",Corning Gorilla Glass 6,"Android 9.0 (Pie), upgradable to Android 10, OxygenOS 10",Qualcomm SDM845 Snapdragon 845 (10 nm),Octa-core (4x2.8 GHz Kryo 385 Gold & 4x1.7 GHz Kryo 385 Silver),Adreno 630,No,256GB 10GB RAM,UFS 2.1,"Dual-LED flash, HDR, panorama","4K@30/60fps, 1080p@30/60/240fps, 720p@480fps, Auto HDR, gyro-EIS","16 MP, f/2.0, 25mm (wide), 1/3.06"", 1.0µm","Auto-HDR, gyro-EIS",1080p@30fps,Dirac HD sound,"Wi-Fi 802.11 a/b/g/n/ac, dual-band, Wi-Fi Direct, DLNA","5.0, A2DP, aptX HD, LE","GPS, GLONASS, BDS, GALILEO",Yes,No,"USB Type-C 2.0, OTG","Fingerprint (under display, optical), accelerometer, gyro, proximity, compass","Li-Po 3700 mAh, non-removable",Speed Orange,About 700 EUR,AnTuTu: 292716 (v7),
https://www.gsmarena.com/oneplus_6t-9350.php,https://fdn2.gsmarena.com/vv/bigpic/oneplus-6t-thunder-purple.jpg,OnePlus 6T,"Released 2018, November 01","185g, 8.2mm thickness","Android 9.0, up to 11, OxygenOS 11.1.1.1","128GB/256GB storage, no card slot","6.41""",1080x2340 pixels,6/8 GB RAM,3700 mAh Li-Po,"16 MP, f/1.7, 25mm (wide), 1/2.6"", 1.22µm, PDAF, OIS","29,999",GSM 850 / 900 / 1800 / 1900 - SIM 1 & SIM 2,HSDPA 800 / 850 / 900 / 1700(AWS) / 1800 / 1900 / 2100,"1, 2, 3, 4, 5, 7, 12, 13, 17, 18, 19, 20, 25, 26, 28, 29, 30, 32, 34, 38, 39, 40, 41, 46, 66, 71 - Europe, North America","HSPA 42.2/5.76 Mbps, LTE-A (5CA) Cat16 1024/150 Mbps",,"2018, October 29","Available. Released 2018, November 01",157.5 x 74.8 x 8.2 mm (6.20 x 2.94 x 0.32 in),185 g (6.53 oz),"Glass front (Gorilla Glass 6), glass back, aluminum frame","Dual SIM (Nano-SIM, dual stand-by)",Optic AMOLED,"6.41 inches, 100.9 cm(~85.6% screen-to-body ratio)","1080 x 2340 pixels, 19.5:9 ratio (~402 ppi density)",Corning Gorilla Glass 6,"Android 9.0 (Pie), upgradable to Android 11, OxygenOS 11.1.1.1",Qualcomm SDM845 Snapdragon 845 (10 nm),Octa-core (4x2.8 GHz Kryo 385 Gold & 4x1.7 GHz Kryo 385 Silver),Adreno 630,No,"128GB 6GB RAM, 128GB 8GB RAM, 256GB 8GB RAM",UFS 2.1,"Dual-LED flash, HDR, panorama","4K@30/60fps, 1080p@30/60/240fps, 720p@480fps, Auto HDR, gyro-EIS","16 MP, f/2.0, 25mm (wide), 1/3.06"", 1.0µm","Auto-HDR, gyro-EIS",1080p@30fps,Dirac HD sound,"Wi-Fi 802.11 a/b/g/n/ac, dual-band, Wi-Fi Direct, DLNA","5.0, A2DP, aptX HD, LE","GPS, GLONASS, BDS, GALILEO",Yes,No,"USB Type-C 2.0, OTG","Fingerprint (under display, optical), accelerometer, gyro, proximity, compass","Li-Po 3700 mAh, non-removable","Thunder Purple, Mirror Black, Midnight Black","A6010, A6013",About 430 EUR,AnTuTu: 293994 (v7)
https://www.gsmarena.com/oneplus_6-9109.php,https://fdn2.gsmarena.com/vv/bigpic/oneplus-6-red.jpg,OnePlus 6,"Released 2018, May 17","177g, 7.8mm thickness","Android 8.1, up to 11, OxygenOS 11.1.1.1","64GB/128GB/256GB storage, no card slot","6.28""",1080x2280 pixels,6/8 GB RAM,3300 mAh Li-Po,"16 MP, f/1.7, 25mm (wide), 1/2.6"", 1.22µm, PDAF, OIS","34,999",GSM 850 / 900 / 1800 / 1900 - SIM 1 & SIM 2,HSDPA 800 / 850 / 900 / 1700(AWS) / 1900 / 2100,"1, 2, 3, 4, 5, 7, 8, 12, 17, 18, 19, 20, 25, 26, 28, 29, 30, 32, 34, 38, 39, 40, 41, 66, 71 - Europe, North America","HSPA 42.2/5.76 Mbps, LTE-A (4CA) Cat16 1024/150 Mbps",,"2018, May 16","Available. Released 2018, May 17",155.7 x 75.4 x 7.8 mm (6.13 x 2.97 x 0.31 in),177 g (6.24 oz),"Glass front (Gorilla Glass 5), glass back, aluminum frame","Dual SIM (Nano-SIM, dual stand-by)",Optic AMOLED,"6.28 inches, 98.4 cm(~83.8% screen-to-body ratio)","1080 x 2280 pixels, 19:9 ratio (~402 ppi density)",Corning Gorilla Glass 5,"Android 8.1 (Oreo), upgradable to Android 11, OxygenOS 11.1.1.1",Qualcomm SDM845 Snapdragon 845 (10 nm),Octa-core (4x2.8 GHz Kryo 385 Gold & 4x1.7 GHz Kryo 385 Silver),Adreno 630,No,"64GB 6GB RAM, 128GB 8GB RAM, 256GB 8GB RAM",UFS 2.1,"Dual-LED flash, HDR, panorama","4K@30/60fps, 1080p@30/60/240fps, 720p@480fps, Auto HDR","16 MP, f/2.0, 25mm (wide), 1/3.06"", 1.0µm","Auto-HDR, gyro-EIS",1080p@30fps,Dirac HD sound,"Wi-Fi 802.11 a/b/g/n/ac, dual-band, Wi-Fi Direct, DLNA","5.0, A2DP, LE, aptX HD","GPS, GLONASS, BDS, GALILEO",Yes,No,USB Type-C 2.0,"Fingerprint (rear-mounted), accelerometer, gyro, proximity, compass","Li-Po 3300 mAh, non-removable","Midnight Black, Mirror Black, Silk White, Amber Red","A6000, A6003",About 410 EUR,AnTuTu: 264200 (v7)
